id,conversation_id,created_at,date,time,timezone,user_id,username,name,place,tweet,language,mentions,urls,photos,replies_count,retweets_count,likes_count,hashtags,cashtags,link,retweet,quote_url,video,near,geo,source,user_rt_id,user_rt,retweet_id,reply_to,retweet_date,translate,trans_src,trans_dest
1.28684E+18,1.28684E+18,1.59564E+12,7/24/2020,21:54:00,-400,2863488598,hamiltonmusical,Hamilton,,#Hamilkids https://twitter.com/sladyjanecain/status/1286314069708939265¬†‚Ä¶,und,[],['https://twitter.com/sladyjanecain/status/1286314069708939265'],[],7,19,670,['#hamilkids'],[],https://twitter.com/HamiltonMusical/status/1286842103310450692,FALSE,https://twitter.com/sladyjanecain/status/1286314069708939265,0,,,,,,,"[{'user_id': '2863488598', 'username': 'HamiltonMusical'}]",,,,
1.2868E+18,1.2868E+18,1.59563E+12,7/24/2020,19:17:39,-400,2863488598,hamiltonmusical,Hamilton,,"*Me trying to go to sleep*

My brain: BRAAH BRAAH I AM HERCULES MULLIGAN",en,[],[],[],277,2761,17562,[],[],https://twitter.com/HamiltonMusical/status/1286802756490219523,FALSE,,0,,,,,,,"[{'user_id': '2863488598', 'username': 'HamiltonMusical'}]",,,,
1.28674E+18,1.28674E+18,1.59562E+12,7/24/2020,15:26:42,-400,2863488598,hamiltonmusical,Hamilton,,"We rise together. #HamiltonLA's George Washington, @CarvensLissaint, performs ""Embers In The Dark"" in celebration of the return of the @NBA. https://www.youtube.com/watch?v=BHhcHt1ZA6U¬†‚Ä¶",en,"['carvenslissaint', 'nba']",['https://www.youtube.com/watch?v=BHhcHt1ZA6U'],[],4,14,420,['#hamiltonla'],[],https://twitter.com/HamiltonMusical/status/1286744634174185475,FALSE,,0,,,,,,,"[{'user_id': '2863488598', 'username': 'HamiltonMusical'}, {'user_id': '227486087', 'username': 'carvenslissaint'}, {'user_id': '19923144', 'username': 'NBA'}]",,,,
1.28674E+18,1.28674E+18,1.59562E+12,7/24/2020,15:21:00,-400,2863488598,hamiltonmusical,Hamilton,,CC: @NJGov https://twitter.com/Sara_LaCause/status/1286082151851728896¬†‚Ä¶,und,['njgov'],['https://twitter.com/Sara_LaCause/status/1286082151851728896'],[],16,97,2217,[],[],https://twitter.com/HamiltonMusical/status/1286743203111198721,FALSE,https://twitter.com/Sara_LaCause/status/1286082151851728896,0,,,,,,,"[{'user_id': '2863488598', 'username': 'HamiltonMusical'}, {'user_id': '984819646082797568', 'username': 'NJGov'}]",,,,
1.28672E+18,1.28672E+18,1.59561E+12,7/24/2020,13:58:01,-400,2863488598,hamiltonmusical,Hamilton,,#HamArt https://twitter.com/TheSpyV/status/1286283765497704449¬†‚Ä¶,und,[],['https://twitter.com/TheSpyV/status/1286283765497704449'],[],20,87,3385,['#hamart'],[],https://twitter.com/HamiltonMusical/status/1286722317058547713,FALSE,https://twitter.com/TheSpyV/status/1286283765497704449,0,,,,,,,"[{'user_id': '2863488598', 'username': 'HamiltonMusical'}]",,,,
1.28666E+18,1.28666E+18,1.5956E+12,7/24/2020,9:54:01,-400,2863488598,hamiltonmusical,Hamilton,,Making @LacketyLac proud! https://twitter.com/MarkThornton44/status/1286241411415900160¬†‚Ä¶,en,['lacketylac'],['https://twitter.com/MarkThornton44/status/1286241411415900160'],[],4,16,819,[],[],https://twitter.com/HamiltonMusical/status/1286660913014042629,FALSE,https://twitter.com/MarkThornton44/status/1286241411415900160,0,,,,,,,"[{'user_id': '2863488598', 'username': 'HamiltonMusical'}, {'user_id': '2753494578', 'username': 'LacketyLac'}]",,,,
1.28648E+18,1.28648E+18,1.59556E+12,7/23/2020,21:54:00,-400,2863488598,hamiltonmusical,Hamilton,,#Hamilkids https://twitter.com/rebeccamillar83/status/1286208033027059712¬†‚Ä¶,und,[],['https://twitter.com/rebeccamillar83/status/1286208033027059712'],[],3,28,1586,['#hamilkids'],[],https://twitter.com/HamiltonMusical/status/1286479716338274304,FALSE,https://twitter.com/rebeccamillar83/status/1286208033027059712,0,,,,,,,"[{'user_id': '2863488598', 'username': 'HamiltonMusical'}]",,,,
1.28637E+18,1.28637E+18,1.59553E+12,7/23/2020,14:28:08,-400,2863488598,hamiltonmusical,Hamilton,,"No words üòç. ""No Air"" by @JordinSparks performed by our very own @ARamosofficial and @JasCephasJones. #Ham4Ham #TBT üìπ: Leah / YouTube pic.twitter.com/NZNPFdSH95",en,"['jordinsparks', 'aramosofficial', 'jascephasjones']",[],[],53,558,6340,"['#ham4ham', '#tbt']",[],https://twitter.com/HamiltonMusical/status/1286367510044999681,FALSE,,1,,,,,,,"[{'user_id': '2863488598', 'username': 'HamiltonMusical'}, {'user_id': '19555067', 'username': 'JordinSparks'}, {'user_id': '3376066540', 'username': 'ARamosofficial'}, {'user_id': '3321671932', 'username': 'JasCephasJones'}]",,,,
1.28632E+18,1.28632E+18,1.59552E+12,7/23/2020,11:00:01,-400,2863488598,hamiltonmusical,Hamilton,,#BroadwayWillBeBack https://twitter.com/mirandacolmans/status/1285689003224768517¬†‚Ä¶,und,[],['https://twitter.com/mirandacolmans/status/1285689003224768517'],[],4,27,944,['#broadwaywillbeback'],[],https://twitter.com/HamiltonMusical/status/1286315133342490629,FALSE,https://twitter.com/mirandacolmans/status/1285689003224768517,0,,,,,,,"[{'user_id': '2863488598', 'username': 'HamiltonMusical'}]",,,,
1.28631E+18,1.28631E+18,1.59552E+12,7/23/2020,10:40:18,-400,2863488598,hamiltonmusical,Hamilton,,Live footage of us burning the 2020 planners we thought were a good idea to buy in January. pic.twitter.com/epTpOe1TSN,en,[],[],[],113,2570,21487,[],[],https://twitter.com/HamiltonMusical/status/1286310175041818626,FALSE,,1,,,,,,,"[{'user_id': '2863488598', 'username': 'HamiltonMusical'}]",,,,
1.2863E+18,1.2863E+18,1.59551E+12,7/23/2020,9:56:07,-400,2863488598,hamiltonmusical,Hamilton,,#YayHamlet https://twitter.com/iam_shakespeare/status/1286249318777790465¬†‚Ä¶,und,[],['https://twitter.com/iam_shakespeare/status/1286249318777790465'],[],10,155,2742,['#yayhamlet'],[],https://twitter.com/HamiltonMusical/status/1286299052347400193,FALSE,https://twitter.com/IAM_SHAKESPEARE/status/1286249318777790465,0,,,,,,,"[{'user_id': '2863488598', 'username': 'HamiltonMusical'}]",,,,
1.28612E+18,1.28612E+18,1.59547E+12,7/22/2020,21:54:01,-400,2863488598,hamiltonmusical,Hamilton,,#Hamilkids https://twitter.com/chrisclaytonnz/status/1285716383112863744¬†‚Ä¶,und,[],['https://twitter.com/chrisclaytonnz/status/1285716383112863744'],[],8,17,1540,['#hamilkids'],[],https://twitter.com/HamiltonMusical/status/1286117330112647168,FALSE,https://twitter.com/chrisclaytonnz/status/1285716383112863744,0,,,,,,,"[{'user_id': '2863488598', 'username': 'HamiltonMusical'}]",,,,
1.28607E+18,1.28607E+18,1.59546E+12,7/22/2020,18:42:06,-400,2863488598,hamiltonmusical,Hamilton,,"Listen up! Our Musical Director, @LacketyLac gives his backstory on joining the Cabinet and creating @HamiltonMusical with @RollingStone. https://www.rollingstone.com/music/music-news/hamilton-musical-broadway-alex-lacamoire-1029938/¬†‚Ä¶",en,"['lacketylac', 'hamiltonmusical', 'rollingstone']",['https://www.rollingstone.com/music/music-news/hamilton-musical-broadway-alex-lacamoire-1029938/'],[],7,61,1086,[],[],https://twitter.com/HamiltonMusical/status/1286069032928661504,FALSE,,0,,,,,,,"[{'user_id': '2863488598', 'username': 'HamiltonMusical'}, {'user_id': '2753494578', 'username': 'LacketyLac'}, {'user_id': '14780915', 'username': 'RollingStone'}]",,,,
1.28605E+18,1.28605E+18,1.59545E+12,7/22/2020,17:11:53,-400,2863488598,hamiltonmusical,Hamilton,,"If you don't know, now you know: https://twitter.com/HeadCountOrg/status/1285273782584836099¬†‚Ä¶",en,[],['https://twitter.com/HeadCountOrg/status/1285273782584836099'],[],22,445,2757,[],[],https://twitter.com/HamiltonMusical/status/1286046332717871105,FALSE,https://twitter.com/HeadCountOrg/status/1285273782584836099,0,,,,,,,"[{'user_id': '2863488598', 'username': 'HamiltonMusical'}]",,,,
1.286E+18,1.286E+18,1.59544E+12,7/22/2020,13:58:00,-400,2863488598,hamiltonmusical,Hamilton,,Here comes the General! #ItsMe #Hamilfilm https://twitter.com/MegGronau/status/1285276162248368128¬†‚Ä¶,en,[],['https://twitter.com/MegGronau/status/1285276162248368128'],[],14,92,3799,"['#itsme', '#hamilfilm']",[],https://twitter.com/HamiltonMusical/status/1285997539041464322,FALSE,https://twitter.com/MegGronau/status/1285276162248368128,0,,,,,,,"[{'user_id': '2863488598', 'username': 'HamiltonMusical'}]",,,,
1.28594E+18,1.28594E+18,1.59543E+12,7/22/2020,9:54:00,-400,2863488598,hamiltonmusical,Hamilton,,History is happening! #Hamilfilm https://twitter.com/SLBarbarian/status/1285415034995253249¬†‚Ä¶,en,[],['https://twitter.com/SLBarbarian/status/1285415034995253249'],[],11,44,1976,['#hamilfilm'],[],https://twitter.com/HamiltonMusical/status/1285936133344559105,FALSE,https://twitter.com/SLBarbarian/status/1285415034995253249,0,,,,,,,"[{'user_id': '2863488598', 'username': 'HamiltonMusical'}]",,,,
1.28574E+18,1.28574E+18,1.59538E+12,7/21/2020,21:04:07,-400,2863488598,hamiltonmusical,Hamilton,,"My nighttime routine:
‚úÖ brush my teeth
‚úÖ wash my face
‚úÖ get in bed
‚úÖ recite the 10 duel commandments",en,[],[],[],139,1566,18900,[],[],https://twitter.com/HamiltonMusical/status/1285742388275798016,FALSE,,0,,,,,,,"[{'user_id': '2863488598', 'username': 'HamiltonMusical'}]",,,,
1.28573E+18,1.28573E+18,1.59538E+12,7/21/2020,20:09:01,-400,2863488598,hamiltonmusical,Hamilton,,#ItsMe #Hamilfilm https://twitter.com/bekahsmith2015/status/1285324090304339985¬†‚Ä¶,und,[],['https://twitter.com/bekahsmith2015/status/1285324090304339985'],[],10,85,3114,"['#itsme', '#hamilfilm']",[],https://twitter.com/HamiltonMusical/status/1285728518169600002,FALSE,https://twitter.com/bekahsmith2015/status/1285324090304339985,0,,,,,,,"[{'user_id': '2863488598', 'username': 'HamiltonMusical'}]",,,,
1.28568E+18,1.28568E+18,1.59536E+12,7/21/2020,16:40:00,-400,2863488598,hamiltonmusical,Hamilton,,#HamArt https://twitter.com/isatwothree/status/1285148777981059074¬†‚Ä¶,und,[],['https://twitter.com/isatwothree/status/1285148777981059074'],[],19,607,7486,['#hamart'],[],https://twitter.com/HamiltonMusical/status/1285675920045506561,FALSE,https://twitter.com/isatwothree/status/1285148777981059074,0,,,,,,,"[{'user_id': '2863488598', 'username': 'HamiltonMusical'}]",,,,
1.28564E+18,1.28564E+18,1.59535E+12,7/21/2020,13:58:00,-400,2863488598,hamiltonmusical,Hamilton,,Let‚Äôs try this: turn on Hamilton and see how long it takes to hear your kids singing out loud. https://twitter.com/Copewood_/status/1284689392720687105¬†‚Ä¶,en,[],['https://twitter.com/Copewood_/status/1284689392720687105'],[],100,86,2666,[],[],https://twitter.com/HamiltonMusical/status/1285635152656441347,FALSE,https://twitter.com/Copewood_/status/1284689392720687105,0,,,,,,,"[{'user_id': '2863488598', 'username': 'HamiltonMusical'}]",,,,
1.28562E+18,1.28562E+18,1.59535E+12,7/21/2020,13:11:45,-400,2863488598,hamiltonmusical,Hamilton,,Keep it going: To your union... #Hamilflm pic.twitter.com/sIzisCaYic,en,[],[],[],54,505,4779,['#hamilflm'],[],https://twitter.com/HamiltonMusical/status/1285623509885104128,FALSE,,1,,,,,,,"[{'user_id': '2863488598', 'username': 'HamiltonMusical'}]",,,,
1.28557E+18,1.28557E+18,1.59534E+12,7/21/2020,9:54:00,-400,2863488598,hamiltonmusical,Hamilton,,#Hamilkids https://twitter.com/JustinVlasits/status/1285113140942983168¬†‚Ä¶,und,[],['https://twitter.com/JustinVlasits/status/1285113140942983168'],[],24,120,3583,['#hamilkids'],[],https://twitter.com/HamiltonMusical/status/1285573746275889152,FALSE,https://twitter.com/JustinVlasits/status/1285113140942983168,0,,,,,,,"[{'user_id': '2863488598', 'username': 'HamiltonMusical'}]",,,,
1.28537E+18,1.28537E+18,1.59529E+12,7/20/2020,20:09:00,-400,2863488598,hamiltonmusical,Hamilton,,Really nailed King George. https://twitter.com/tiramisueme/status/1284927951323070464¬†‚Ä¶,en,[],['https://twitter.com/tiramisueme/status/1284927951323070464'],[],62,426,15467,[],[],https://twitter.com/HamiltonMusical/status/1285366128303316993,FALSE,https://twitter.com/tiramisueme/status/1284927951323070464,0,,,,,,,"[{'user_id': '2863488598', 'username': 'HamiltonMusical'}]",,,,
1.28535E+18,1.28535E+18,1.59529E+12,7/20/2020,18:54:00,-400,2863488598,hamiltonmusical,Hamilton,,::puts AirPods away:: https://twitter.com/21stCenturyCeo/status/1284984389374377985¬†‚Ä¶,en,[],['https://twitter.com/21stCenturyCeo/status/1284984389374377985'],[],33,147,5017,[],[],https://twitter.com/HamiltonMusical/status/1285347253759217665,FALSE,https://twitter.com/21stCenturyCeo/status/1284984389374377985,0,,,,,,,"[{'user_id': '2863488598', 'username': 'HamiltonMusical'}]",,,,
1.28533E+18,1.28533E+18,1.59528E+12,7/20/2020,17:43:06,-400,2863488598,hamiltonmusical,Hamilton,,"Every action's an act of creation. ""An Interactive Visualization of Every Line in Hamilton"" created by @sxywu:  http://polygraph.cool/hamilton/¬† pic.twitter.com/eN6e0HDOeu",en,['sxywu'],['http://polygraph.cool/hamilton/'],[],16,211,1816,[],[],https://twitter.com/HamiltonMusical/status/1285329409956814849,FALSE,,1,,,,,,,"[{'user_id': '2863488598', 'username': 'HamiltonMusical'}, {'user_id': '190857410', 'username': 'sxywu'}]",,,,
1.28521E+18,1.28521E+18,1.59525E+12,7/20/2020,9:54:00,-400,2863488598,hamiltonmusical,Hamilton,,Guess you‚Äôll have to watch both? #Hamilfilm #WeAreFreestyleLoveSupreme https://twitter.com/flmidnightmaven/status/1284324768154607616¬†‚Ä¶,en,[],['https://twitter.com/flmidnightmaven/status/1284324768154607616'],[],18,41,1336,"['#hamilfilm', '#wearefreestylelovesupreme']",[],https://twitter.com/HamiltonMusical/status/1285211358427074561,FALSE,https://twitter.com/flmidnightmaven/status/1284324768154607616,0,,,,,,,"[{'user_id': '2863488598', 'username': 'HamiltonMusical'}]",,,,
1.28503E+18,1.28503E+18,1.59521E+12,7/19/2020,22:10:14,-400,2863488598,hamiltonmusical,Hamilton,,It‚Äôs simple. #WearAMask üé®: daighthymeco / Instagram pic.twitter.com/mu7jmOTnVW,en,[],[],['https://pbs.twimg.com/media/EdVb1uiXkAgBOA9.jpg'],66,3717,18793,['#wearamask'],[],https://twitter.com/HamiltonMusical/status/1285034250765574145,FALSE,,0,,,,,,,"[{'user_id': '2863488598', 'username': 'HamiltonMusical'}]",,,,
1.28501E+18,1.28501E+18,1.59521E+12,7/19/2020,20:35:45,-400,2863488598,hamiltonmusical,Hamilton,,"My family: ‚Äústop singing along‚Äù

My brain-

Don‚Äôt say it
Don‚Äôt say it
Don‚Äôt say it
Don‚Äôt say it
Don‚Äôt say it
Don‚Äôt say it
Don‚Äôt say it

Me: I AM NOT THROWING AWAY MY SHOT",en,[],[],[],382,4609,35580,[],[],https://twitter.com/HamiltonMusical/status/1285010472371130369,FALSE,,0,,,,,,,"[{'user_id': '2863488598', 'username': 'HamiltonMusical'}]",,,,
1.28499E+18,1.28499E+18,1.5952E+12,7/19/2020,19:26:00,-400,2863488598,hamiltonmusical,Hamilton,, https://twitter.com/socknsandalgal/status/1283923163823386628¬†‚Ä¶ pic.twitter.com/exQeoWApCH,und,[],['https://twitter.com/socknsandalgal/status/1283923163823386628'],[],27,186,4655,[],[],https://twitter.com/HamiltonMusical/status/1284992917585551360,FALSE,,1,,,,,,,"[{'user_id': '2863488598', 'username': 'HamiltonMusical'}]",,,,
1.28485E+18,1.28485E+18,1.59517E+12,7/19/2020,10:09:26,-400,2863488598,hamiltonmusical,Hamilton,,Hired. https://twitter.com/steyapo/status/1284680055130480640¬†‚Ä¶,en,[],['https://twitter.com/steyapo/status/1284680055130480640'],[],29,360,7451,[],[],https://twitter.com/HamiltonMusical/status/1284852853266427904,FALSE,https://twitter.com/steyapo/status/1284680055130480640,0,,,,,,,"[{'user_id': '2863488598', 'username': 'HamiltonMusical'}]",,,,
1.28464E+18,1.28464E+18,1.59512E+12,7/18/2020,19:51:00,-400,2863488598,hamiltonmusical,Hamilton,,#ItsMe #Hamilfilm https://twitter.com/MimiBridget/status/1283542431070380034¬†‚Ä¶,und,[],['https://twitter.com/MimiBridget/status/1283542431070380034'],[],5,49,2238,"['#itsme', '#hamilfilm']",[],https://twitter.com/HamiltonMusical/status/1284636824107986944,FALSE,https://twitter.com/MimiBridget/status/1283542431070380034,0,,,,,,,"[{'user_id': '2863488598', 'username': 'HamiltonMusical'}]",,,,
1.28457E+18,1.28457E+18,1.5951E+12,7/18/2020,15:36:36,-400,2863488598,hamiltonmusical,Hamilton,,Things that I accomplished today in quarantine: #Hamilfilm,en,[],[],[],130,609,11249,['#hamilfilm'],[],https://twitter.com/HamiltonMusical/status/1284572802411106304,FALSE,,0,,,,,,,"[{'user_id': '2863488598', 'username': 'HamiltonMusical'}]",,,,
1.2843E+18,1.2843E+18,1.59504E+12,7/17/2020,21:48:45,-400,2863488598,hamiltonmusical,Hamilton,,The work continues. #BlackLivesMatter #BroadwayWillBeBack pic.twitter.com/1S3EIICwLR,en,[],[],['https://pbs.twimg.com/media/EdLDvUwXkAAM7Zc.jpg'],13,298,4518,"['#blacklivesmatter', '#broadwaywillbeback']",[],https://twitter.com/HamiltonMusical/status/1284304068480040960,FALSE,,0,,,,,,,"[{'user_id': '2863488598', 'username': 'HamiltonMusical'}]",,,,
1.28421E+18,1.28421E+18,1.59501E+12,7/17/2020,15:39:14,-400,2863488598,hamiltonmusical,Hamilton,,"Theater kids be like ‚ÄúI know a spot"" and then take you to watch #Hamilfilm on @disneyplus.",en,['disneyplus'],[],[],81,1463,15967,['#hamilfilm'],[],https://twitter.com/HamiltonMusical/status/1284211075102265346,FALSE,,0,,,,,,,"[{'user_id': '2863488598', 'username': 'HamiltonMusical'}, {'user_id': '985916593065476096', 'username': 'disneyplus'}]",,,,
1.28419E+18,1.28419E+18,1.59501E+12,7/17/2020,13:58:00,-400,2863488598,hamiltonmusical,Hamilton,,#Hamilkids https://twitter.com/KennaSoo4/status/1283844744620109824¬†‚Ä¶,und,[],['https://twitter.com/KennaSoo4/status/1283844744620109824'],[],10,31,1799,['#hamilkids'],[],https://twitter.com/HamiltonMusical/status/1284185601076604928,FALSE,https://twitter.com/KennaSoo4/status/1283844744620109824,0,,,,,,,"[{'user_id': '2863488598', 'username': 'HamiltonMusical'}]",,,,
1.28393E+18,1.28393E+18,1.59495E+12,7/16/2020,21:10:28,-400,2863488598,hamiltonmusical,Hamilton,,Me emerging from my room for the first time after watching #Hamilfilm all day in the dark. pic.twitter.com/s4NtzB68qT,en,[],[],[],39,507,6437,['#hamilfilm'],[],https://twitter.com/HamiltonMusical/status/1283932045266345989,FALSE,,1,,,,,,,"[{'user_id': '2863488598', 'username': 'HamiltonMusical'}]",,,,
1.28386E+18,1.28386E+18,1.59493E+12,7/16/2020,16:40:00,-400,2863488598,hamiltonmusical,Hamilton,,For when you can‚Äôt actually WATCH #Hamilfilm:  https://open.spotify.com/album/1kCHru7uhxBUdzkm4gzRQc?si=TxD3VWfLQgKQVHiY_29WdA¬†‚Ä¶ https://twitter.com/Melissas_Travel/status/1283696420604829704¬†‚Ä¶,en,[],"['https://open.spotify.com/album/1kCHru7uhxBUdzkm4gzRQc?si=TxD3VWfLQgKQVHiY_29WdA', 'https://twitter.com/Melissas_Travel/status/1283696420604829704']",[],31,118,1931,['#hamilfilm'],[],https://twitter.com/HamiltonMusical/status/1283863979782279168,FALSE,https://twitter.com/Melissas_Travel/status/1283696420604829704,0,,,,,,,"[{'user_id': '2863488598', 'username': 'HamiltonMusical'}]",,,,
1.28386E+18,1.28386E+18,1.59493E+12,7/16/2020,16:37:32,-400,2863488598,hamiltonmusical,Hamilton,,Ok this is a new one! Which line best sums up each character. Let‚Äôs go.üëáüèæ #Hamilfilm https://twitter.com/ijenae/status/1283861276343623680¬†‚Ä¶,en,[],['https://twitter.com/ijenae/status/1283861276343623680'],[],223,82,2697,['#hamilfilm'],[],https://twitter.com/HamiltonMusical/status/1283863359692124161,FALSE,https://twitter.com/ijenae/status/1283861276343623680,0,,,,,,,"[{'user_id': '2863488598', 'username': 'HamiltonMusical'}]",,,,
1.28384E+18,1.28384E+18,1.59493E+12,7/16/2020,15:15:04,-400,2863488598,hamiltonmusical,Hamilton,,#HamiltonLA - Please visit  http://BroadwayInHollywood.com/HamiltonUpdates¬† for more details. https://twitter.com/broadwayinhwood/status/1283840170156896256¬†‚Ä¶,en,[],"['http://BroadwayInHollywood.com/HamiltonUpdates', 'https://twitter.com/broadwayinhwood/status/1283840170156896256']",[],6,43,713,['#hamiltonla'],[],https://twitter.com/HamiltonMusical/status/1283842606854819841,FALSE,https://twitter.com/broadwayinhwood/status/1283840170156896256,0,,,,,,,"[{'user_id': '2863488598', 'username': 'HamiltonMusical'}]",,,,
1.28382E+18,1.28382E+18,1.59492E+12,7/16/2020,13:56:38,-400,2863488598,hamiltonmusical,Hamilton,,".@Lin_Manuel surprised the Simmons sisters on @GMA after seeing the original song they created as a part of our #EduHam program! #EduHam is continuing at home with @Gilder_Lehrman, learn more:  http://bit.ly/EduHam-Home¬† https://www.goodmorningamerica.com/culture/video/lin-manuel-miranda-surprises-hamilton-loving-sisters-71572074¬†‚Ä¶",en,"['lin_manuel', 'gma', 'gilder_lehrman']","['http://bit.ly/EduHam-Home', 'https://www.goodmorningamerica.com/culture/video/lin-manuel-miranda-surprises-hamilton-loving-sisters-71572074']",[],8,44,796,"['#eduham', '#eduham']",[],https://twitter.com/HamiltonMusical/status/1283822867344429056,FALSE,,0,,,,,,,"[{'user_id': '2863488598', 'username': 'HamiltonMusical'}, {'user_id': '79923701', 'username': 'Lin_Manuel'}, {'user_id': '22650211', 'username': 'GMA'}, {'user_id': '31906334', 'username': 'Gilder_Lehrman'}]",,,,
1.28378E+18,1.28378E+18,1.59491E+12,7/16/2020,11:00:29,-400,2863488598,hamiltonmusical,Hamilton,,#HamArt https://twitter.com/kat_morris101/status/1283077496045539330¬†‚Ä¶,und,[],['https://twitter.com/kat_morris101/status/1283077496045539330'],[],9,50,2046,['#hamart'],[],https://twitter.com/HamiltonMusical/status/1283778538961862656,FALSE,https://twitter.com/kat_morris101/status/1283077496045539330,0,,,,,,,"[{'user_id': '2863488598', 'username': 'HamiltonMusical'}]",,,,
1.28375E+18,1.28375E+18,1.5949E+12,7/16/2020,9:00:01,-400,2863488598,hamiltonmusical,Hamilton,,Same.  https://twitter.com/GrimmCookies/status/1283363626548699136¬†‚Ä¶ pic.twitter.com/p28fCXdxcv,en,[],['https://twitter.com/GrimmCookies/status/1283363626548699136'],[],9,48,1773,[],[],https://twitter.com/HamiltonMusical/status/1283748220594802689,FALSE,,1,,,,,,,"[{'user_id': '2863488598', 'username': 'HamiltonMusical'}]",,,,
1.28373E+18,1.28373E+18,1.5949E+12,7/16/2020,7:35:00,-400,2863488598,hamiltonmusical,Hamilton,,#BroadwayWillBeBack https://twitter.com/JackTili/status/1283145439060070405¬†‚Ä¶,und,[],['https://twitter.com/JackTili/status/1283145439060070405'],[],14,76,1992,['#broadwaywillbeback'],[],https://twitter.com/HamiltonMusical/status/1283726826695794688,FALSE,https://twitter.com/JackTili/status/1283145439060070405,0,,,,,,,"[{'user_id': '2863488598', 'username': 'HamiltonMusical'}]",,,,
1.28358E+18,1.28358E+18,1.59486E+12,7/15/2020,21:54:01,-400,2863488598,hamiltonmusical,Hamilton,,#Hamilkids https://twitter.com/bellabelike/status/1283260093652332544¬†‚Ä¶,und,[],['https://twitter.com/bellabelike/status/1283260093652332544'],[],15,66,4101,['#hamilkids'],[],https://twitter.com/HamiltonMusical/status/1283580615879798784,FALSE,https://twitter.com/bellabelike/status/1283260093652332544,0,,,,,,,"[{'user_id': '2863488598', 'username': 'HamiltonMusical'}]",,,,
1.28356E+18,1.28356E+18,1.59486E+12,7/15/2020,20:36:41,-400,2863488598,hamiltonmusical,Hamilton,,It‚Äôs been an unforgettable journey.¬†#Hamilfilm pic.twitter.com/ULFEgEUtwY,en,[],[],[],107,1270,11854,['#hamilfilm'],[],https://twitter.com/HamiltonMusical/status/1283561154405687297,FALSE,,1,,,,,,,"[{'user_id': '2863488598', 'username': 'HamiltonMusical'}]",,,,
1.2835E+18,1.2835E+18,1.59484E+12,7/15/2020,16:27:48,-400,2863488598,hamiltonmusical,Hamilton,,Me dropping into the Zoom meeting late just to say ‚Äúagreed‚Äù once. pic.twitter.com/LXmr1LfAip,en,[],[],[],36,606,8341,[],[],https://twitter.com/HamiltonMusical/status/1283498520197107714,FALSE,,1,,,,,,,"[{'user_id': '2863488598', 'username': 'HamiltonMusical'}]",,,,
1.28346E+18,1.28346E+18,1.59484E+12,7/15/2020,13:58:00,-400,2863488598,hamiltonmusical,Hamilton,,Let‚Äôs hear the Hamilton dad jokes üëáüèΩ https://twitter.com/roboto_gococo/status/1283367974099812353¬†‚Ä¶,en,[],['https://twitter.com/roboto_gococo/status/1283367974099812353'],[],188,193,7347,[],[],https://twitter.com/HamiltonMusical/status/1283460824774905866,FALSE,https://twitter.com/roboto_gococo/status/1283367974099812353,0,,,,,,,"[{'user_id': '2863488598', 'username': 'HamiltonMusical'}]",,,,
1.28342E+18,1.28342E+18,1.59483E+12,7/15/2020,11:00:51,-400,2863488598,hamiltonmusical,Hamilton,,Now on @DisneyPlus. #Hamilfilm https://twitter.com/jeezpeepz87/status/1282828016222076930¬†‚Ä¶,en,['disneyplus'],['https://twitter.com/jeezpeepz87/status/1282828016222076930'],[],6,51,1974,['#hamilfilm'],[],https://twitter.com/HamiltonMusical/status/1283416241177276416,FALSE,https://twitter.com/jeezpeepz87/status/1282828016222076930,0,,,,,,,"[{'user_id': '2863488598', 'username': 'HamiltonMusical'}, {'user_id': '985916593065476096', 'username': 'disneyplus'}]",,,,
1.28317E+18,1.28317E+18,1.59477E+12,7/14/2020,18:26:03,-400,2863488598,hamiltonmusical,Hamilton,,"During our pre-Broadway run at @PublicTheaterNY, @LeslieOdomJr recreated that infamous 1993 ""@GotMilk"" commercial. #GotHamilton #GotMilk pic.twitter.com/36PGTe5r7a",en,"['publictheaterny', 'leslieodomjr', 'gotmilk']",[],[],126,1481,10023,"['#gothamilton', '#gotmilk']",[],https://twitter.com/HamiltonMusical/status/1283165893565075456,FALSE,,1,,,,,,,"[{'user_id': '2863488598', 'username': 'HamiltonMusical'}, {'user_id': '41640047', 'username': 'PublicTheaterNY'}, {'user_id': '476907667', 'username': 'leslieodomjr'}, {'user_id': '57408860', 'username': 'GotMilk'}]",,,,
1.28286E+18,1.28286E+18,1.59469E+12,7/13/2020,22:18:58,-400,2863488598,hamiltonmusical,Hamilton,,.@DisneyStudios üëë üëë üëë üëÄ https://twitter.com/sofi_1227/status/1282097891927035904¬†‚Ä¶,und,['disneystudios'],['https://twitter.com/sofi_1227/status/1282097891927035904'],[],24,150,4861,[],[],https://twitter.com/HamiltonMusical/status/1282862121106182144,FALSE,https://twitter.com/Sofi_1227/status/1282097891927035904,0,,,,,,,"[{'user_id': '2863488598', 'username': 'HamiltonMusical'}, {'user_id': '36947388', 'username': 'DisneyStudios'}]",,,,
1.28284E+18,1.28284E+18,1.59469E+12,7/13/2020,21:04:11,-400,2863488598,hamiltonmusical,Hamilton,,"This is Alexander (and Eliza). They‚Äôre helpless. Good dog, would pet. 14/10 (cc: @dog_rates) https://twitter.com/agoldennamedkev/status/1282825125172256769¬†‚Ä¶",en,['dog_rates'],['https://twitter.com/agoldennamedkev/status/1282825125172256769'],[],76,1728,20230,[],[],https://twitter.com/HamiltonMusical/status/1282843298512752641,FALSE,https://twitter.com/agoldennamedkev/status/1282825125172256769,0,,,,,,,"[{'user_id': '2863488598', 'username': 'HamiltonMusical'}, {'user_id': '4196983835', 'username': 'dog_rates'}]",,,,
1.2828E+18,1.2828E+18,1.59468E+12,7/13/2020,18:00:48,-400,2863488598,hamiltonmusical,Hamilton,,We'll keep saying her name until justice is served. #SayHerName #JusticeForBreonnaTaylor https://twitter.com/TIME/status/1280759005825118210¬†‚Ä¶,en,[],['https://twitter.com/TIME/status/1280759005825118210'],[],17,2159,12455,"['#sayhername', '#justiceforbreonnataylor']",[],https://twitter.com/HamiltonMusical/status/1282797149298843648,FALSE,https://twitter.com/TIME/status/1280759005825118210,0,,,,,,,"[{'user_id': '2863488598', 'username': 'HamiltonMusical'}]",,,,
1.28249E+18,1.28249E+18,1.59461E+12,7/12/2020,21:53:00,-400,2863488598,hamiltonmusical,Hamilton,,"üìç me this weekend
|
|
|_ _ _ _ _ _ _ _ _ _ _ _ _ _ _ _ _ _ _
üìç doing laundry, working,    |
     exercising, going to bed    |
_ _ _ _ _ _ _ _ _ _ _ _ _ _ _ _ _ _ _ |
|
|
|
üìç rewatching #Hamilfilm",en,[],[],[],222,2306,20376,['#hamilfilm'],[],https://twitter.com/HamiltonMusical/status/1282493198707941376,FALSE,,0,,,,,,,"[{'user_id': '2863488598', 'username': 'HamiltonMusical'}]",,,,
1.28237E+18,1.28237E+18,1.59458E+12,7/12/2020,13:58:00,-400,2863488598,hamiltonmusical,Hamilton,,#BroadwayWillBeBack https://twitter.com/coolmom234/status/1281920228532858882¬†‚Ä¶,und,[],['https://twitter.com/coolmom234/status/1281920228532858882'],[],18,100,3372,['#broadwaywillbeback'],[],https://twitter.com/HamiltonMusical/status/1282373659458506757,FALSE,https://twitter.com/coolmom234/status/1281920228532858882,0,,,,,,,"[{'user_id': '2863488598', 'username': 'HamiltonMusical'}]",,,,
1.28234E+18,1.28234E+18,1.59457E+12,7/12/2020,11:42:45,-400,2863488598,hamiltonmusical,Hamilton,,"There's a million things I haven't done, but watching this scene is not one of them...#Hamilfilm pic.twitter.com/znyqbzEvzP",en,[],[],[],114,1717,15193,['#hamilfilm'],[],https://twitter.com/HamiltonMusical/status/1282339621418999808,FALSE,,1,,,,,,,"[{'user_id': '2863488598', 'username': 'HamiltonMusical'}]",,,,
1.28232E+18,1.28232E+18,1.59456E+12,7/12/2020,10:21:28,-400,2863488598,hamiltonmusical,Hamilton,,".@20korg is breaking down the #Hamilton sound in their podcast with sound designer @Nevstein, percussionist @bennyreiner, A2 @CraigALC, and sound legend Abe Jacob! #Hamilfilm https://www.20k.org/episodes/hamiltonremix¬†‚Ä¶",en,"['20korg', 'nevstein', 'bennyreiner', 'craigalc']",['https://www.20k.org/episodes/hamiltonremix'],[],1,30,628,"['#hamilton', '#hamilfilm']",[],https://twitter.com/HamiltonMusical/status/1282319168772202496,FALSE,,0,,,,,,,"[{'user_id': '2863488598', 'username': 'HamiltonMusical'}, {'user_id': '401615084', 'username': '20korg'}, {'user_id': '20696857', 'username': 'Nevstein'}, {'user_id': '180959775', 'username': 'bennyreiner'}, {'user_id': '76753401', 'username': 'CraigALC'}]",,,,
1.28231E+18,1.28231E+18,1.59456E+12,7/12/2020,9:54:18,-400,2863488598,hamiltonmusical,Hamilton,,#HamArt https://twitter.com/roz_arts/status/1281901720197636097¬†‚Ä¶,und,[],['https://twitter.com/roz_arts/status/1281901720197636097'],[],9,135,3649,['#hamart'],[],https://twitter.com/HamiltonMusical/status/1282312331180101632,FALSE,https://twitter.com/roz_arts/status/1281901720197636097,0,,,,,,,"[{'user_id': '2863488598', 'username': 'HamiltonMusical'}]",,,,
1.28213E+18,1.28213E+18,1.59452E+12,7/11/2020,21:54:00,-400,2863488598,hamiltonmusical,Hamilton,,Pride is not the word I‚Äôm looking for ‚ù§Ô∏è https://twitter.com/MrsTryandTri/status/1281309684700532736¬†‚Ä¶,en,[],['https://twitter.com/MrsTryandTri/status/1281309684700532736'],[],36,349,11807,[],[],https://twitter.com/HamiltonMusical/status/1282131063192662016,FALSE,https://twitter.com/MrsTryandTri/status/1281309684700532736,0,,,,,,,"[{'user_id': '2863488598', 'username': 'HamiltonMusical'}]",,,,
1.28209E+18,1.28209E+18,1.59451E+12,7/11/2020,18:54:00,-400,2863488598,hamiltonmusical,Hamilton,,#Hamilkids https://twitter.com/STTHbaby/status/1281302493599879170¬†‚Ä¶,und,[],['https://twitter.com/STTHbaby/status/1281302493599879170'],[],9,39,2014,['#hamilkids'],[],https://twitter.com/HamiltonMusical/status/1282085764399071234,FALSE,https://twitter.com/STTHbaby/status/1281302493599879170,0,,,,,,,"[{'user_id': '2863488598', 'username': 'HamiltonMusical'}]",,,,
1.28208E+18,1.28208E+18,1.59451E+12,7/11/2020,18:45:44,-400,2863488598,hamiltonmusical,Hamilton,,"Today in 1804, the fued between A. Ham and A. Burr reached its peak in a duel that took place at dawn in Weehawken, NJ. The world was wide enough. #Hamilfilm",en,[],[],[],297,6898,49283,['#hamilfilm'],[],https://twitter.com/HamiltonMusical/status/1282083681612582912,FALSE,,0,,,,,,,"[{'user_id': '2863488598', 'username': 'HamiltonMusical'}]",,,,
1.28201E+18,1.28201E+18,1.59449E+12,7/11/2020,13:58:00,-400,2863488598,hamiltonmusical,Hamilton,,"Un, deux, trois, quatre, cinq, six... https://twitter.com/flybaby014563/status/1280962526755381248¬†‚Ä¶",fr,[],['https://twitter.com/flybaby014563/status/1280962526755381248'],[],113,264,8180,[],[],https://twitter.com/HamiltonMusical/status/1282011272716976128,FALSE,https://twitter.com/flybaby014563/status/1280962526755381248,0,,,,,,,"[{'user_id': '2863488598', 'username': 'HamiltonMusical'}]",,,,
1.282E+18,1.282E+18,1.59449E+12,7/11/2020,13:31:09,-400,2863488598,hamiltonmusical,Hamilton,,"This is a fun game, let‚Äôs play... https://twitter.com/thibtalk/status/1282003871804661764¬†‚Ä¶",en,[],['https://twitter.com/thibtalk/status/1282003871804661764'],[],4651,389,12836,[],[],https://twitter.com/HamiltonMusical/status/1282004516385312769,FALSE,https://twitter.com/thibtalk/status/1282003871804661764,0,,,,,,,"[{'user_id': '2863488598', 'username': 'HamiltonMusical'}]",,,,
1.28175E+18,1.28175E+18,1.59443E+12,7/10/2020,20:51:01,-400,2863488598,hamiltonmusical,Hamilton,,We can't tolerate these injustices anymore. Support and donate to @NAACP at  http://naacp.org¬†. #BlackLivesMatter https://twitter.com/NAACP/status/1267904886819229697¬†‚Ä¶,en,['naacp'],"['http://naacp.org', 'https://twitter.com/NAACP/status/1267904886819229697']",[],8,175,1735,['#blacklivesmatter'],[],https://twitter.com/HamiltonMusical/status/1281752823642959872,FALSE,https://twitter.com/NAACP/status/1267904886819229697,0,,,,,,,"[{'user_id': '2863488598', 'username': 'HamiltonMusical'}, {'user_id': '44988185', 'username': 'NAACP'}]",,,,
1.28174E+18,1.28174E+18,1.59443E+12,7/10/2020,20:09:01,-400,2863488598,hamiltonmusical,Hamilton,,#Hamilkids https://twitter.com/JMOlitzky/status/1280556443670732800¬†‚Ä¶,und,[],['https://twitter.com/JMOlitzky/status/1280556443670732800'],[],17,104,3231,['#hamilkids'],[],https://twitter.com/HamiltonMusical/status/1281742251677319169,FALSE,https://twitter.com/JMOlitzky/status/1280556443670732800,0,,,,,,,"[{'user_id': '2863488598', 'username': 'HamiltonMusical'}]",,,,
1.28163E+18,1.28163E+18,1.5944E+12,7/10/2020,12:57:31,-400,2863488598,hamiltonmusical,Hamilton,,"Alright, alright! @SydneyHarcourt is taking over our Instagram Story today! Tune in to go behind the scenes of #Hamilfilm. pic.twitter.com/3R4RgqYsSm",en,['sydneyharcourt'],[],['https://pbs.twimg.com/media/EclHBb0XYAIDEW_.jpg'],9,37,1043,['#hamilfilm'],[],https://twitter.com/HamiltonMusical/status/1281633664405843969,FALSE,,0,,,,,,,"[{'user_id': '2863488598', 'username': 'HamiltonMusical'}, {'user_id': '289008448', 'username': 'SydneyHarcourt'}]",,,,
1.28162E+18,1.28162E+18,1.5944E+12,7/10/2020,12:15:46,-400,2863488598,hamiltonmusical,Hamilton,,"""The Schuyler Sisters show how masks WORK!"" (üç™: sarmiesistersweets / Instagram) pic.twitter.com/QLamlheYP6",en,[],[],['https://pbs.twimg.com/media/Eck9ckUXYAAJkKg.jpg'],47,1198,18055,[],[],https://twitter.com/HamiltonMusical/status/1281623154952212480,FALSE,,0,,,,,,,"[{'user_id': '2863488598', 'username': 'HamiltonMusical'}]",,,,
1.2814E+18,1.2814E+18,1.59434E+12,7/9/2020,21:25:11,-400,2863488598,hamiltonmusical,Hamilton,,"If ever there was a reason to take a break between #Hamilfilm viewings, this thread is it. #Hamilkids https://twitter.com/MaiseyBawden/status/1281236019061444611¬†‚Ä¶",en,[],['https://twitter.com/MaiseyBawden/status/1281236019061444611'],[],26,502,9785,"['#hamilfilm', '#hamilkids']",[],https://twitter.com/HamiltonMusical/status/1281399035128053763,FALSE,https://twitter.com/MaiseyBawden/status/1281236019061444611,0,,,,,,,"[{'user_id': '2863488598', 'username': 'HamiltonMusical'}]",,,,
1.28134E+18,1.28134E+18,1.59433E+12,7/9/2020,17:31:54,-400,2863488598,hamiltonmusical,Hamilton,,Find ways to support and buy from Black-owned businesses at  http://supportblackowned.com¬†. #BlackLivesMatter https://twitter.com/SupportBlackOwn/status/1277253717939703812¬†‚Ä¶,en,[],"['http://supportblackowned.com', 'https://twitter.com/SupportBlackOwn/status/1277253717939703812']",[],8,113,1019,['#blacklivesmatter'],[],https://twitter.com/HamiltonMusical/status/1281340326914002951,FALSE,https://twitter.com/SupportBlackOwn/status/1277253717939703812,0,,,,,,,"[{'user_id': '2863488598', 'username': 'HamiltonMusical'}]",,,,
1.28132E+18,1.28132E+18,1.59432E+12,7/9/2020,15:54:13,-400,2863488598,hamiltonmusical,Hamilton,,‚ÄúFollow the money and see where it goes...‚Äù,en,[],[],[],238,2902,31006,[],[],https://twitter.com/HamiltonMusical/status/1281315742655426560,FALSE,,0,,,,,,,"[{'user_id': '2863488598', 'username': 'HamiltonMusical'}]",,,,
1.28128E+18,1.28128E+18,1.59432E+12,7/9/2020,13:37:33,-400,2863488598,hamiltonmusical,Hamilton,,"Tomorrow, join @RobinRoberts and the cast and filmmakers of #Hamilfilm for ‚ÄúHamilton: History Has Its Eyes On You,‚Äù streaming exclusively on @disneyplus. pic.twitter.com/et3utTLjgT",en,"['robinroberts', 'disneyplus']",[],[],123,837,11367,['#hamilfilm'],[],https://twitter.com/HamiltonMusical/status/1281281347806511111,FALSE,,1,,,,,,,"[{'user_id': '2863488598', 'username': 'HamiltonMusical'}, {'user_id': '267921808', 'username': 'RobinRoberts'}, {'user_id': '985916593065476096', 'username': 'disneyplus'}]",,,,
1.28122E+18,1.28122E+18,1.5943E+12,7/9/2020,9:24:22,-400,2863488598,hamiltonmusical,Hamilton,,A new twist on our TikTok @LacketyLac Duets! Who else has made one? #Hamilfilm https://twitter.com/Piano82666315/status/1281211251553640448¬†‚Ä¶,en,['lacketylac'],['https://twitter.com/Piano82666315/status/1281211251553640448'],[],11,71,1706,['#hamilfilm'],[],https://twitter.com/HamiltonMusical/status/1281217633237557248,FALSE,https://twitter.com/Piano82666315/status/1281211251553640448,0,,,,,,,"[{'user_id': '2863488598', 'username': 'HamiltonMusical'}, {'user_id': '2753494578', 'username': 'LacketyLac'}]",,,,
1.28103E+18,1.28103E+18,1.59426E+12,7/8/2020,21:16:58,-400,2863488598,hamiltonmusical,Hamilton,,Here üëèüèæ for üëèüèæ this üëèüèæ @K_Anye23 from the cast of @hadestown bringing us that soulful Burr. #Hamilfilm https://twitter.com/K_Anye23/status/1280947987166920705¬†‚Ä¶,en,"['k_anye23', 'hadestown']",['https://twitter.com/K_Anye23/status/1280947987166920705'],[],37,330,7107,['#hamilfilm'],[],https://twitter.com/HamiltonMusical/status/1281034576064917517,FALSE,https://twitter.com/K_Anye23/status/1280947987166920705,0,,,,,,,"[{'user_id': '2863488598', 'username': 'HamiltonMusical'}, {'user_id': '1246194443985747969', 'username': 'K_Anye23'}, {'user_id': '769747443235840000', 'username': 'hadestown'}]",,,,
1.281E+18,1.281E+18,1.59425E+12,7/8/2020,18:49:14,-400,2863488598,hamiltonmusical,Hamilton,,Some of the biggest #Hamilfans are our current #HamFam! What was your first experience with @HamiltonMusical? #Hamilfilm pic.twitter.com/exOywtbYsv,en,['hamiltonmusical'],[],[],47,71,1281,"['#hamilfans', '#hamfam', '#hamilfilm']",[],https://twitter.com/HamiltonMusical/status/1280997399494823939,FALSE,,1,,,,,,,"[{'user_id': '2863488598', 'username': 'HamiltonMusical'}]",,,,
1.28097E+18,1.28097E+18,1.59424E+12,7/8/2020,16:49:39,-400,2863488598,hamiltonmusical,Hamilton,,"What do we think, fam? üëáüèæ https://twitter.com/caisaiah056/status/1280965757292220417¬†‚Ä¶",en,[],['https://twitter.com/caisaiah056/status/1280965757292220417'],[],1055,308,12332,[],[],https://twitter.com/HamiltonMusical/status/1280967305795702784,FALSE,https://twitter.com/caisaiah056/status/1280965757292220417,0,,,,,,,"[{'user_id': '2863488598', 'username': 'HamiltonMusical'}]",,,,
1.28097E+18,1.28097E+18,1.59424E+12,7/8/2020,16:41:54,-400,2863488598,hamiltonmusical,Hamilton,,‚úíÔ∏èüíåüé§üí∞üçª‚è≥ https://twitter.com/Haffsa_Says/status/1279018195576381441¬†‚Ä¶,und,[],['https://twitter.com/Haffsa_Says/status/1279018195576381441'],[],622,133,5989,[],[],https://twitter.com/HamiltonMusical/status/1280965355863781378,FALSE,https://twitter.com/Haffsa_Says/status/1279018195576381441,0,,,,,,,"[{'user_id': '2863488598', 'username': 'HamiltonMusical'}]",,,,
1.28093E+18,1.28093E+18,1.59423E+12,7/8/2020,14:32:28,-400,2863488598,hamiltonmusical,Hamilton,,We still have work to do. Continue to support and donate to @Blklivesmatter at  http://blacklivesmatter.com¬†. #BlackLivesMatter https://twitter.com/Blklivesmatter/status/1275083035411611648¬†‚Ä¶,en,['blklivesmatter'],"['http://blacklivesmatter.com', 'https://twitter.com/Blklivesmatter/status/1275083035411611648']",[],47,715,6436,['#blacklivesmatter'],[],https://twitter.com/HamiltonMusical/status/1280932780143185920,FALSE,https://twitter.com/Blklivesmatter/status/1275083035411611648,0,,,,,,,"[{'user_id': '2863488598', 'username': 'HamiltonMusical'}, {'user_id': '1604931252', 'username': 'Blklivesmatter'}]",,,,
1.28088E+18,1.28088E+18,1.59422E+12,7/8/2020,10:59:32,-400,2863488598,hamiltonmusical,Hamilton,,We're keeping the #Hamilfilm release week excitement going with an Instagram Story takeover with @SashaHutchings from the ensemble of the original Broadway cast today! pic.twitter.com/afsoWlemlf,en,['sashahutchings'],[],['https://pbs.twimg.com/media/EcaY00AXgAAaG4J.jpg'],16,170,5366,['#hamilfilm'],[],https://twitter.com/HamiltonMusical/status/1280879194231234561,FALSE,,0,,,,,,,"[{'user_id': '2863488598', 'username': 'HamiltonMusical'}, {'user_id': '219539734', 'username': 'SashaHutchings'}]",,,,
1.28068E+18,1.28068E+18,1.59417E+12,7/7/2020,21:29:28,-400,2863488598,hamiltonmusical,Hamilton,,"Let me check my schedule... #Hamilfilm, #Hamilfilm, #Hamilfilm. How does next week look? https://twitter.com/anavs_di/status/1280068382264614913¬†‚Ä¶",en,[],['https://twitter.com/anavs_di/status/1280068382264614913'],[],93,275,6379,"['#hamilfilm', '#hamilfilm', '#hamilfilm']",[],https://twitter.com/HamiltonMusical/status/1280675336821276673,FALSE,https://twitter.com/anavs_di/status/1280068382264614913,0,,,,,,,"[{'user_id': '2863488598', 'username': 'HamiltonMusical'}]",,,,
1.28062E+18,1.28062E+18,1.59416E+12,7/7/2020,17:43:48,-400,2863488598,hamiltonmusical,Hamilton,,"""I had never in my life seen four men of color on stage singing about friendship and brotherhood. To me, the image of that was the revolution."" - @LeslieOdomJr. The OG #HamFam looks back with @TheUndefeated on what it was like to be a part of Hamilton. https://theundefeated.com/videos/watch-the-undefeated-presents-hamilton-in-depth-with-kelley-carter/?fbclid=IwAR0KGmG8bhVyOqncDnYtJeHVyaCv5Pj_4gHaoQjfrRGCdc229snuS7Z9AhQ¬†‚Ä¶",en,"['leslieodomjr', 'theundefeated']",['https://theundefeated.com/videos/watch-the-undefeated-presents-hamilton-in-depth-with-kelley-carter/?fbclid=IwAR0KGmG8bhVyOqncDnYtJeHVyaCv5Pj_4gHaoQjfrRGCdc229snuS7Z9AhQ'],[],23,315,4534,['#hamfam'],[],https://twitter.com/HamiltonMusical/status/1280618543575425024,FALSE,,0,,,,,,,"[{'user_id': '2863488598', 'username': 'HamiltonMusical'}, {'user_id': '476907667', 'username': 'leslieodomjr'}, {'user_id': '3033098871', 'username': 'TheUndefeated'}]",,,,
1.28061E+18,1.28061E+18,1.59416E+12,7/7/2020,16:54:53,-400,2863488598,hamiltonmusical,Hamilton,,Belt your Burr! We üëÄ you @JordanFisher...guess we've got ourselves a #WaitForItChallenge. https://twitter.com/jordanfisher/status/1280316916444180480¬†‚Ä¶,en,['jordanfisher'],['https://twitter.com/jordanfisher/status/1280316916444180480'],[],97,1118,20548,['#waitforitchallenge'],[],https://twitter.com/HamiltonMusical/status/1280606233007927297,FALSE,https://twitter.com/jordanfisher/status/1280316916444180480,0,,,,,,,"[{'user_id': '2863488598', 'username': 'HamiltonMusical'}, {'user_id': '24494557', 'username': 'jordanfisher'}]",,,,
1.2806E+18,1.2806E+18,1.59415E+12,7/7/2020,16:48:41,-400,2863488598,hamiltonmusical,Hamilton,,".@Lin_Manuel FaceTimed with @zanelowe for #AtHomeWithAppleMusic to talk about #Hamilfilm and his current playlist of favorite tracks including @Beyonce, @thestrokes, @runjewels and more. Listen only on @applemusic:  http://apple.co/linmanuelselects¬†‚Ä¶ pic.twitter.com/QHmfqd39Kf",en,"['lin_manuel', 'zanelowe', 'beyonce', 'thestrokes', 'runjewels', 'applemusic']",['http://apple.co/linmanuelselects'],[],27,181,2275,"['#athomewithapplemusic', '#hamilfilm']",[],https://twitter.com/HamiltonMusical/status/1280604675184754694,FALSE,,1,,,,,,,"[{'user_id': '2863488598', 'username': 'HamiltonMusical'}, {'user_id': '79923701', 'username': 'Lin_Manuel'}, {'user_id': '21288052', 'username': 'zanelowe'}, {'user_id': '31239408', 'username': 'Beyonce'}, {'user_id': '69656547', 'username': 'thestrokes'}, {'user_id': '2252616702', 'username': 'runjewels'}, {'user_id': '74580436', 'username': 'AppleMusic'}]",,,,
1.28059E+18,1.28059E+18,1.59415E+12,7/7/2020,15:42:45,-400,2863488598,hamiltonmusical,Hamilton,,"More of this, please. #ItsMe #Hamilfilm https://twitter.com/LeighTVReporter/status/1280527047492800515¬†‚Ä¶",en,[],['https://twitter.com/LeighTVReporter/status/1280527047492800515'],[],11,87,2516,"['#itsme', '#hamilfilm']",[],https://twitter.com/HamiltonMusical/status/1280588080450285570,FALSE,https://twitter.com/LeighTVReporter/status/1280527047492800515,0,,,,,,,"[{'user_id': '2863488598', 'username': 'HamiltonMusical'}]",,,,
1.28056E+18,1.28056E+18,1.59414E+12,7/7/2020,13:35:09,-400,2863488598,hamiltonmusical,Hamilton,,Petition for @LacketyLac to add ‚ÄúRecorder‚Äù to the #Hamilfilm Orchestrations! üìú https://twitter.com/ALloyd1405/status/1280255576828772353¬†‚Ä¶,en,['lacketylac'],['https://twitter.com/ALloyd1405/status/1280255576828772353'],[],16,68,2051,['#hamilfilm'],[],https://twitter.com/HamiltonMusical/status/1280555972084355072,FALSE,https://twitter.com/ALloyd1405/status/1280255576828772353,0,,,,,,,"[{'user_id': '2863488598', 'username': 'HamiltonMusical'}, {'user_id': '2753494578', 'username': 'LacketyLac'}]",,,,
1.28053E+18,1.28053E+18,1.59414E+12,7/7/2020,11:37:01,-400,2863488598,hamiltonmusical,Hamilton,,Courtesy of the great #AnnieLeibovitz for @voguemagazine. #Hamilfilm https://twitter.com/househarington/status/1279822996425904128¬†‚Ä¶,en,['voguemagazine'],['https://twitter.com/househarington/status/1279822996425904128'],[],38,1236,14512,"['#annieleibovitz', '#hamilfilm']",[],https://twitter.com/HamiltonMusical/status/1280526239195893761,FALSE,https://twitter.com/househarington/status/1279822996425904128,0,,,,,,,"[{'user_id': '2863488598', 'username': 'HamiltonMusical'}, {'user_id': '136361303', 'username': 'voguemagazine'}]",,,,
1.28052E+18,1.28052E+18,1.59414E+12,7/7/2020,11:20:20,-400,2863488598,hamiltonmusical,Hamilton,,"He‚Äôs chasing what he wants, and you know what? He learned that from you! #Hamilkids #Hamilfilm üîä‚¨ÜÔ∏è https://twitter.com/PhatAmy86/status/1280405929981337600¬†‚Ä¶",en,[],['https://twitter.com/PhatAmy86/status/1280405929981337600'],[],2,50,2076,"['#hamilkids', '#hamilfilm']",[],https://twitter.com/HamiltonMusical/status/1280522044212490240,FALSE,https://twitter.com/PhatAmy86/status/1280405929981337600,0,,,,,,,"[{'user_id': '2863488598', 'username': 'HamiltonMusical'}]",,,,
1.28032E+18,1.28032E+18,1.59409E+12,7/6/2020,21:56:36,-400,2863488598,hamiltonmusical,Hamilton,,cc: @ABlankenbuehler,und,['ablankenbuehler'],[],[],2,7,311,[],[],https://twitter.com/HamiltonMusical/status/1280319775344939009,FALSE,,0,,,,,,,"[{'user_id': '2863488598', 'username': 'HamiltonMusical'}, {'user_id': '844216635565260800', 'username': 'ABlankenbuehler'}]",,,,
1.28027E+18,1.28024E+18,1.59407E+12,7/6/2020,18:19:02,-400,2863488598,hamiltonmusical,Hamilton,,"We remembered that one, too, so we got @leslieodomjr to recreate it when we were Off-Broadway @PublicTheaterNY! #GotHamilton #Hamilfilm¬† https://youtu.be/Z-KoAi3Nl9Q¬†",en,"['sassydubs', 'marleyandmom', 'poppyameila', 'lin_manuel', 'leslieodomjr', 'publictheaterny']",['https://youtu.be/Z-KoAi3Nl9Q'],[],8,30,313,"['#gothamilton', '#hamilfilm']",[],https://twitter.com/HamiltonMusical/status/1280265024674713600,FALSE,,0,,,,,,,"[{'user_id': '2863488598', 'username': 'HamiltonMusical'}, {'user_id': '441054030', 'username': 'sassydubs'}, {'user_id': '1236777264781508610', 'username': 'marleyandmom'}, {'user_id': '1228732145356677123', 'username': 'poppyameila'}, {'user_id': '79923701', 'username': 'Lin_Manuel'}, {'user_id': '476907667', 'username': 'leslieodomjr'}, {'user_id': '41640047', 'username': 'PublicTheaterNY'}]",,,,
1.28014E+18,1.28014E+18,1.59404E+12,7/6/2020,9:46:03,-400,2863488598,hamiltonmusical,Hamilton,,"üì∏: elanjamesactor, jeanamarinelli, erica.terry, and erikaenchanted / Instagram",et,[],[],[],6,12,561,[],[],https://twitter.com/HamiltonMusical/status/1280135926337933312,FALSE,,0,,,,,,,"[{'user_id': '2863488598', 'username': 'HamiltonMusical'}]",,,,
1.28014E+18,1.28014E+18,1.59404E+12,7/6/2020,9:46:02,-400,2863488598,hamiltonmusical,Hamilton,,It‚Äôs been a bit of a weekend! We‚Äôve loved seeing all of your #Hamilfilm watch parties. Reply with some more! üëáüèæ pic.twitter.com/HozFz8ft8e,en,[],[],"['https://pbs.twimg.com/media/EcPz2nyXsAAQL3v.jpg', 'https://pbs.twimg.com/media/EcPz2nxXQAAlo-_.jpg', 'https://pbs.twimg.com/media/EcPz2nxX0AUigox.jpg', 'https://pbs.twimg.com/media/EcP0bUlXYAAle6Z.jpg']",375,366,13657,['#hamilfilm'],[],https://twitter.com/HamiltonMusical/status/1280135924815405056,FALSE,,0,,,,,,,"[{'user_id': '2863488598', 'username': 'HamiltonMusical'}]",,,,
1.27995E+18,1.27995E+18,1.594E+12,7/5/2020,21:11:32,-400,2863488598,hamiltonmusical,Hamilton,,Anyone fitting in one more #Hamilfilm viewing party before the weekend is over? üôã‚Äç‚ôÄÔ∏è https://twitter.com/laurensoprano1/status/1279914117952942081¬†‚Ä¶,en,[],['https://twitter.com/laurensoprano1/status/1279914117952942081'],[],75,56,2980,['#hamilfilm'],[],https://twitter.com/HamiltonMusical/status/1279946045338914818,FALSE,https://twitter.com/laurensoprano1/status/1279914117952942081,0,,,,,,,"[{'user_id': '2863488598', 'username': 'HamiltonMusical'}]",,,,
1.27994E+18,1.27994E+18,1.594E+12,7/5/2020,21:06:07,-400,2863488598,hamiltonmusical,Hamilton,,#tfw the beat drops in... #Hamilkids https://twitter.com/bussa_matt/status/1279943154913783808¬†‚Ä¶,en,[],['https://twitter.com/bussa_matt/status/1279943154913783808'],[],14,249,6725,"['#tfw', '#hamilkids']",[],https://twitter.com/HamiltonMusical/status/1279944682315931654,FALSE,https://twitter.com/bussa_matt/status/1279943154913783808,0,,,,,,,"[{'user_id': '2863488598', 'username': 'HamiltonMusical'}]",,,,
1.2799E+18,1.2799E+18,1.59399E+12,7/5/2020,18:03:51,-400,2863488598,hamiltonmusical,Hamilton,,In celebration of #Hamilfilm on @DisneyPlus - @CocaCola is providing a $1 million donation to World Central Kitchen with the support of @Lin_Manuel and @ChefJoseAndres to fight food insecurity around the world.  https://youtu.be/UiW65LB2K5s¬† Learn more:  http://Coke.com/Hamilton¬†,en,"['disneyplus', 'cocacola', 'lin_manuel', 'chefjoseandres']","['https://youtu.be/UiW65LB2K5s', 'http://Coke.com/Hamilton']",[],32,382,5142,['#hamilfilm'],[],https://twitter.com/HamiltonMusical/status/1279898816712507394,FALSE,,0,,,,,,,"[{'user_id': '2863488598', 'username': 'HamiltonMusical'}, {'user_id': '985916593065476096', 'username': 'disneyplus'}, {'user_id': '26787673', 'username': 'CocaCola'}, {'user_id': '79923701', 'username': 'Lin_Manuel'}, {'user_id': '73206956', 'username': 'chefjoseandres'}]",,,,
1.27987E+18,1.27987E+18,1.59398E+12,7/5/2020,16:27:44,-400,2863488598,hamiltonmusical,Hamilton,,"Another gorgeous summer day to crawl back in bed, turn off the lights, and rewatch #Hamilfilm.",en,[],[],[],358,2530,32950,['#hamilfilm'],[],https://twitter.com/HamiltonMusical/status/1279874627032973314,FALSE,,0,,,,,,,"[{'user_id': '2863488598', 'username': 'HamiltonMusical'}]",,,,
1.27985E+18,1.27985E+18,1.59398E+12,7/5/2020,14:50:18,-400,2863488598,hamiltonmusical,Hamilton,,The price of your love‚Äôs not a price that they‚Äôre willing to pay. ü§∑‚Äç‚ôÄÔ∏è #Hamilfilm https://twitter.com/shreeyachandel/status/1279739799235002368¬†‚Ä¶,en,[],['https://twitter.com/shreeyachandel/status/1279739799235002368'],[],41,462,9092,['#hamilfilm'],[],https://twitter.com/HamiltonMusical/status/1279850106091683841,FALSE,https://twitter.com/shreeyachandel/status/1279739799235002368,0,,,,,,,"[{'user_id': '2863488598', 'username': 'HamiltonMusical'}]",,,,
1.27957E+18,1.27957E+18,1.59391E+12,7/4/2020,20:16:08,-400,2863488598,hamiltonmusical,Hamilton,,"As we celebrate #IndependenceDay, we are reminded that we will never be truly free until we all share the same inalienable rights. Stand on the side of justice. History has its eyes on us. (üé®: faithleungdesign/Instagram) pic.twitter.com/8EYLcmxJhv",en,[],[],['https://pbs.twimg.com/media/EcHx3zWWAAIpWrn.jpg'],62,4123,23047,['#independenceday'],[],https://twitter.com/HamiltonMusical/status/1279569715699089408,FALSE,,0,,,,,,,"[{'user_id': '2863488598', 'username': 'HamiltonMusical'}]",,,,
1.27956E+18,1.27956E+18,1.59391E+12,7/4/2020,19:51:17,-400,2863488598,hamiltonmusical,Hamilton,,There‚Äôs always time for a #July4th2020 dance party courtesy of Mr. @DaveedDiggs. #Hamilfilm (üé•: Fentonhschoir/instagram) pic.twitter.com/7lnpDCnXGD,en,['daveeddiggs'],[],[],20,104,3423,"['#july4th2020', '#hamilfilm']",[],https://twitter.com/HamiltonMusical/status/1279563463816351746,FALSE,,1,,,,,,,"[{'user_id': '2863488598', 'username': 'HamiltonMusical'}, {'user_id': '62606201', 'username': 'DaveedDiggs'}]",,,,
1.27956E+18,1.27956E+18,1.59391E+12,7/4/2020,19:37:57,-400,2863488598,hamiltonmusical,Hamilton,,This thread üëáüèæ for all the #Hamilkids out there. #Hamilfilm https://twitter.com/rubenjcarbajal/status/1279555927171936256¬†‚Ä¶,en,[],['https://twitter.com/rubenjcarbajal/status/1279555927171936256'],[],12,52,1264,"['#hamilkids', '#hamilfilm']",[],https://twitter.com/HamiltonMusical/status/1279560109694345217,FALSE,https://twitter.com/rubenjcarbajal/status/1279555927171936256,0,,,,,,,"[{'user_id': '2863488598', 'username': 'HamiltonMusical'}]",,,,
1.27955E+18,1.27955E+18,1.5939E+12,7/4/2020,18:41:58,-400,2863488598,hamiltonmusical,Hamilton,,Channel your best Angelica Schuyler and duet with @LacketyLac on our TikTok! #Hamilfilm https://twitter.com/brittany__inge/status/1279541792598351874¬†‚Ä¶,en,['lacketylac'],['https://twitter.com/brittany__inge/status/1279541792598351874'],[],10,76,1931,['#hamilfilm'],[],https://twitter.com/HamiltonMusical/status/1279546018175082497,FALSE,https://twitter.com/brittany__inge/status/1279541792598351874,0,,,,,,,"[{'user_id': '2863488598', 'username': 'HamiltonMusical'}, {'user_id': '2753494578', 'username': 'LacketyLac'}]",,,,
1.27954E+18,1.27954E+18,1.5939E+12,7/4/2020,18:19:51,-400,2863488598,hamiltonmusical,Hamilton,,Who else? #Hamilfilm https://twitter.com/ktjbpa2006/status/1279540235873980416¬†‚Ä¶,en,[],['https://twitter.com/ktjbpa2006/status/1279540235873980416'],[],194,202,6484,['#hamilfilm'],[],https://twitter.com/HamiltonMusical/status/1279540452719579137,FALSE,https://twitter.com/ktjbpa2006/status/1279540235873980416,0,,,,,,,"[{'user_id': '2863488598', 'username': 'HamiltonMusical'}]",,,,
1.2795E+18,1.2795E+18,1.59389E+12,7/4/2020,15:39:53,-400,2863488598,hamiltonmusical,Hamilton,,‚úÖ‚úÖ‚úÖ https://twitter.com/KaleyEliza/status/1279499399018790913¬†‚Ä¶,und,[],['https://twitter.com/KaleyEliza/status/1279499399018790913'],[],14,87,5313,[],[],https://twitter.com/HamiltonMusical/status/1279500195890434049,FALSE,https://twitter.com/KaleyEliza/status/1279499399018790913,0,,,,,,,"[{'user_id': '2863488598', 'username': 'HamiltonMusical'}]",,,,
1.27949E+18,1.27949E+18,1.59389E+12,7/4/2020,14:45:36,-400,2863488598,hamiltonmusical,Hamilton,,Because you have to take a break from watching at SOME point to make food... ‚ÄúAlexa: play the song of the day.‚Äù #AskAlexa https://twitter.com/amazonmusic/status/1279474720203771904¬†‚Ä¶,en,[],['https://twitter.com/amazonmusic/status/1279474720203771904'],[],22,137,2796,['#askalexa'],[],https://twitter.com/HamiltonMusical/status/1279486537051385857,FALSE,https://twitter.com/amazonmusic/status/1279474720203771904,0,,,,,,,"[{'user_id': '2863488598', 'username': 'HamiltonMusical'}]",,,,
1.27947E+18,1.27947E+18,1.59389E+12,7/4/2020,13:53:45,-400,2863488598,hamiltonmusical,Hamilton,,"My #July4th schedule:
1. Make a bunch of plans. ü™Åüçîüåû
2. Cancel them all because I know good and well I‚Äôm just going to rewatch #Hamilfilm. üá∫üá∏",en,[],[],[],200,1800,23075,"['#july4th', '#hamilfilm']",[],https://twitter.com/HamiltonMusical/status/1279473488395415558,FALSE,,0,,,,,,,"[{'user_id': '2863488598', 'username': 'HamiltonMusical'}]",,,,
1.27946E+18,1.27946E+18,1.59388E+12,7/4/2020,12:43:57,-400,2863488598,hamiltonmusical,Hamilton,,These tweets are the best tweets. Welcome! #Hamilfilm https://twitter.com/annatempleton51/status/1279179008366850048¬†‚Ä¶,en,[],['https://twitter.com/annatempleton51/status/1279179008366850048'],[],30,59,2769,['#hamilfilm'],[],https://twitter.com/HamiltonMusical/status/1279455920775462913,FALSE,https://twitter.com/annatempleton51/status/1279179008366850048,0,,,,,,,"[{'user_id': '2863488598', 'username': 'HamiltonMusical'}]",,,,
1.27944E+18,1.27944E+18,1.59388E+12,7/4/2020,11:24:43,-400,2863488598,hamiltonmusical,Hamilton,,Blow us all away. #Hamilfilm https://twitter.com/TheKevinMCline/status/1279421069145890817¬†‚Ä¶,en,[],['https://twitter.com/TheKevinMCline/status/1279421069145890817'],[],10,44,1982,['#hamilfilm'],[],https://twitter.com/HamiltonMusical/status/1279435980756443142,FALSE,https://twitter.com/TheKevinMCline/status/1279421069145890817,0,,,,,,,"[{'user_id': '2863488598', 'username': 'HamiltonMusical'}]",,,,
1.27943E+18,1.27943E+18,1.59387E+12,7/4/2020,10:48:08,-400,2863488598,hamiltonmusical,Hamilton,,So... who‚Äôs fitting in one more viewing this morning before the BBQ begins? #Hamilfilm #FourthofJuly,en,[],[],[],630,560,21934,"['#hamilfilm', '#fourthofjuly']",[],https://twitter.com/HamiltonMusical/status/1279426774628282369,FALSE,,0,,,,,,,"[{'user_id': '2863488598', 'username': 'HamiltonMusical'}]",,,,
1.27924E+18,1.27924E+18,1.59383E+12,7/3/2020,22:23:30,-400,2863488598,hamiltonmusical,Hamilton,,Best part of the #Hamilfilm watch party? You can ‚èÆ and watch again on @DisneyPlus! pic.twitter.com/KCFi3M6Z3t,en,['disneyplus'],[],[],181,871,9898,['#hamilfilm'],[],https://twitter.com/HamiltonMusical/status/1279239383053369345,FALSE,,1,,,,,,,"[{'user_id': '2863488598', 'username': 'HamiltonMusical'}, {'user_id': '985916593065476096', 'username': 'disneyplus'}]",,,,
1.27924E+18,1.27924E+18,1.59383E+12,7/3/2020,22:13:07,-400,2863488598,hamiltonmusical,Hamilton,,#IndependenceDay Weekend playlist. ‚úÖ https://twitter.com/Spotify/status/1279122601223180288¬†‚Ä¶,en,[],['https://twitter.com/Spotify/status/1279122601223180288'],[],55,264,3403,['#independenceday'],[],https://twitter.com/HamiltonMusical/status/1279236769536409600,FALSE,https://twitter.com/Spotify/status/1279122601223180288,0,,,,,,,"[{'user_id': '2863488598', 'username': 'HamiltonMusical'}]",,,,
1.27923E+18,1.27923E+18,1.59383E+12,7/3/2020,21:50:32,-400,2863488598,hamiltonmusical,Hamilton,,"Checkin in: how are we doing, fam? #Hamilfilm",en,[],[],[],3183,984,41447,['#hamilfilm'],[],https://twitter.com/HamiltonMusical/status/1279231086015459329,FALSE,,0,,,,,,,"[{'user_id': '2863488598', 'username': 'HamiltonMusical'}]",,,,
1.27923E+18,1.27923E+18,1.59383E+12,7/3/2020,21:43:39,-400,2863488598,hamiltonmusical,Hamilton,,Legacy. What is a legacy? https://twitter.com/Phillipasoo/status/1279210145462005760¬†‚Ä¶,en,[],['https://twitter.com/Phillipasoo/status/1279210145462005760'],[],8,189,3242,[],[],https://twitter.com/HamiltonMusical/status/1279229353813872640,FALSE,https://twitter.com/Phillipasoo/status/1279210145462005760,0,,,,,,,"[{'user_id': '2863488598', 'username': 'HamiltonMusical'}]",,,,
1.27923E+18,1.27923E+18,1.59383E+12,7/3/2020,21:28:38,-400,2863488598,hamiltonmusical,Hamilton,,Can we get back to politics? Please üò¢ #Hamilfilm,en,[],[],[],114,490,11192,['#hamilfilm'],[],https://twitter.com/HamiltonMusical/status/1279225576109281283,FALSE,,0,,,,,,,"[{'user_id': '2863488598', 'username': 'HamiltonMusical'}]",,,,
1.27922E+18,1.27922E+18,1.59383E+12,7/3/2020,21:24:05,-400,2863488598,hamiltonmusical,Hamilton,,It‚Äôs quiet uptown. #Hamilfilm,en,[],[],[],123,459,7550,['#hamilfilm'],[],https://twitter.com/HamiltonMusical/status/1279224427562045440,FALSE,,0,,,,,,,"[{'user_id': '2863488598', 'username': 'HamiltonMusical'}]",,,,
1.27922E+18,1.27922E+18,1.59383E+12,7/3/2020,21:12:40,-400,2863488598,hamiltonmusical,Hamilton,,Have you read this? #Hamilfilm,en,[],[],[],46,113,2735,['#hamilfilm'],[],https://twitter.com/HamiltonMusical/status/1279221554937765888,FALSE,,0,,,,,,,"[{'user_id': '2863488598', 'username': 'HamiltonMusical'}]",,,,
1.27922E+18,1.27922E+18,1.59382E+12,7/3/2020,21:05:39,-400,2863488598,hamiltonmusical,Hamilton,,"Welcome back, King George. #Hamilfilm pic.twitter.com/h4pQcJ6x8x",en,[],[],[],76,735,9676,['#hamilfilm'],[],https://twitter.com/HamiltonMusical/status/1279219792252153857,FALSE,,1,,,,,,,"[{'user_id': '2863488598', 'username': 'HamiltonMusical'}]",,,,
1.27922E+18,1.27922E+18,1.59382E+12,7/3/2020,20:54:21,-400,2863488598,hamiltonmusical,Hamilton,,"Revolution is messy, but now is the time to stand.‚úäüèæ #Hamilfilm",en,[],[],[],83,4443,24020,['#hamilfilm'],[],https://twitter.com/HamiltonMusical/status/1279216946370818050,FALSE,,0,,,,,,,"[{'user_id': '2863488598', 'username': 'HamiltonMusical'}]",,,,
1.27922E+18,1.27922E+18,1.59382E+12,7/3/2020,20:52:28,-400,2863488598,hamiltonmusical,Hamilton,,CLICK.üí• BOOM. #Hamilfilm,en,[],[],[],15,407,4892,['#hamilfilm'],[],https://twitter.com/HamiltonMusical/status/1279216472208879618,FALSE,,0,,,,,,,"[{'user_id': '2863488598', 'username': 'HamiltonMusical'}]",,,,
1.27922E+18,1.27922E+18,1.59382E+12,7/3/2020,20:49:10,-400,2863488598,hamiltonmusical,Hamilton,,"I arranged the menu, the venue, the seating. #Hamilfilm",en,[],[],[],44,233,4375,['#hamilfilm'],[],https://twitter.com/HamiltonMusical/status/1279215642965614593,FALSE,,0,,,,,,,"[{'user_id': '2863488598', 'username': 'HamiltonMusical'}]",,,,
1.27921E+18,1.27921E+18,1.59382E+12,7/3/2020,20:21:14,-400,2863488598,hamiltonmusical,Hamilton,,Nevermind! See you back at 8:30 ET! #Hamilfilm https://twitter.com/Lin_Manuel/status/1279207695741001729¬†‚Ä¶,en,[],['https://twitter.com/Lin_Manuel/status/1279207695741001729'],[],48,87,2072,['#hamilfilm'],[],https://twitter.com/HamiltonMusical/status/1279208613794516992,FALSE,https://twitter.com/Lin_Manuel/status/1279207695741001729,0,,,,,,,"[{'user_id': '2863488598', 'username': 'HamiltonMusical'}]",,,,
1.27921E+18,1.27921E+18,1.59382E+12,7/3/2020,20:15:59,-400,2863488598,hamiltonmusical,Hamilton,,It's intermission! You have one minute to grab a snack and refill your drink before Act II! #Hamilfilm,en,[],[],[],57,163,5026,['#hamilfilm'],[],https://twitter.com/HamiltonMusical/status/1279207293138108417,FALSE,,0,,,,,,,"[{'user_id': '2863488598', 'username': 'HamiltonMusical'}]",,,,
1.2792E+18,1.2792E+18,1.59382E+12,7/3/2020,20:06:16,-400,2863488598,hamiltonmusical,Hamilton,,"If we lay a strong enough foundation, we‚Äôll pass it on to you, we‚Äôll give the world to you, and you'll blow us all away. #Hamilfilm",en,[],[],[],71,1603,13295,['#hamilfilm'],[],https://twitter.com/HamiltonMusical/status/1279204848311980035,FALSE,,0,,,,,,,"[{'user_id': '2863488598', 'username': 'HamiltonMusical'}]",,,,
1.2792E+18,1.2792E+18,1.59382E+12,7/3/2020,19:59:32,-400,2863488598,hamiltonmusical,Hamilton,,"IMMIGRANTS, WE GET THE JOB DONE!!! #Hamilfilm pic.twitter.com/5adHHVIKIR",en,[],[],[],120,5036,25746,['#hamilfilm'],[],https://twitter.com/HamiltonMusical/status/1279203150545780737,FALSE,,1,,,,,,,"[{'user_id': '2863488598', 'username': 'HamiltonMusical'}]",,,,
1.2792E+18,1.2792E+18,1.59382E+12,7/3/2020,19:50:30,-400,2863488598,hamiltonmusical,Hamilton,,Instrumental to the revolution. https://twitter.com/Jay_as_folk/status/1279199807249297409¬†‚Ä¶,en,[],['https://twitter.com/Jay_as_folk/status/1279199807249297409'],[],16,181,2708,[],[],https://twitter.com/HamiltonMusical/status/1279200877241405440,FALSE,https://twitter.com/Jay_as_folk/status/1279199807249297409,0,,,,,,,"[{'user_id': '2863488598', 'username': 'HamiltonMusical'}]",,,,
1.2792E+18,1.2792E+18,1.59382E+12,7/3/2020,19:49:13,-400,2863488598,hamiltonmusical,Hamilton,,Anyone else think of this song every üëèüèΩ single üëèüèΩ time you count to 10 now? #Hamilfilm,en,[],[],[],90,242,5631,['#hamilfilm'],[],https://twitter.com/HamiltonMusical/status/1279200554120548352,FALSE,,0,,,,,,,"[{'user_id': '2863488598', 'username': 'HamiltonMusical'}]",,,,
1.2792E+18,1.2792E+18,1.59382E+12,7/3/2020,19:35:58,-400,2863488598,hamiltonmusical,Hamilton,,Rewind. #Hamilfilm pic.twitter.com/UiWNuimGU4,en,[],[],[],65,449,3578,['#hamilfilm'],[],https://twitter.com/HamiltonMusical/status/1279197220047388672,FALSE,,1,,,,,,,"[{'user_id': '2863488598', 'username': 'HamiltonMusical'}]",,,,
1.27919E+18,1.27919E+18,1.59382E+12,7/3/2020,19:25:18,-400,2863488598,hamiltonmusical,Hamilton,,The moment you've been waiting for...here comes the General! #Hamilfilm pic.twitter.com/6xCSyiDF0E,en,[],[],[],65,443,5567,['#hamilfilm'],[],https://twitter.com/HamiltonMusical/status/1279194536879800321,FALSE,,1,,,,,,,"[{'user_id': '2863488598', 'username': 'HamiltonMusical'}]",,,,
1.27919E+18,1.27919E+18,1.59382E+12,7/3/2020,19:18:14,-400,2863488598,hamiltonmusical,Hamilton,,"Nobody:

Not a single person:

Peggy: AND PEGGY!

#Hamilfilm",en,[],[],[],96,2607,18859,['#hamilfilm'],[],https://twitter.com/HamiltonMusical/status/1279192758373289985,FALSE,,0,,,,,,,"[{'user_id': '2863488598', 'username': 'HamiltonMusical'}]",,,,
1.27919E+18,1.27919E+18,1.59382E+12,7/3/2020,19:17:01,-400,2863488598,hamiltonmusical,Hamilton,,WORK! #Hamilfilm pic.twitter.com/aCfTP5evPG,en,[],[],[],23,523,3969,['#hamilfilm'],[],https://twitter.com/HamiltonMusical/status/1279192450083454988,FALSE,,1,,,,,,,"[{'user_id': '2863488598', 'username': 'HamiltonMusical'}]",,,,
1.27919E+18,1.27919E+18,1.59382E+12,7/3/2020,19:15:25,-400,2863488598,hamiltonmusical,Hamilton,,The unsung heroes of #Hamilfilm! https://twitter.com/Mandy3663/status/1279191350970388481¬†‚Ä¶,en,[],['https://twitter.com/Mandy3663/status/1279191350970388481'],[],14,133,2110,['#hamilfilm'],[],https://twitter.com/HamiltonMusical/status/1279192051548971008,FALSE,https://twitter.com/Mandy3663/status/1279191350970388481,0,,,,,,,"[{'user_id': '2863488598', 'username': 'HamiltonMusical'}]",,,,
1.27919E+18,1.27919E+18,1.59382E+12,7/3/2020,19:14:00,-400,2863488598,hamiltonmusical,Hamilton,,"And when our children tell our story, they‚Äôll tell the story of tonight. #Hamilfilm",en,[],[],[],54,1053,10097,['#hamilfilm'],[],https://twitter.com/HamiltonMusical/status/1279191694932672514,FALSE,,0,,,,,,,"[{'user_id': '2863488598', 'username': 'HamiltonMusical'}]",,,,
1.27919E+18,1.27919E+18,1.59382E+12,7/3/2020,19:00:03,-400,2863488598,hamiltonmusical,Hamilton,,HERE WE GO!!!! #Hamilfilm pic.twitter.com/HxNz8CqaoE,en,[],[],[],53,461,4072,['#hamilfilm'],[],https://twitter.com/HamiltonMusical/status/1279188182056292352,FALSE,,1,,,,,,,"[{'user_id': '2863488598', 'username': 'HamiltonMusical'}]",,,,
1.27919E+18,1.27919E+18,1.59382E+12,7/3/2020,18:58:25,-400,2863488598,hamiltonmusical,Hamilton,,Hit play when the clock strikes 7PM ET. #Hamilfilm https://www.twitter.com/i/events/1276627332657111041¬†‚Ä¶,en,[],['https://www.twitter.com/i/events/1276627332657111041'],[],30,200,1021,['#hamilfilm'],[],https://twitter.com/HamiltonMusical/status/1279187770175631362,FALSE,,0,,,,,,,"[{'user_id': '2863488598', 'username': 'HamiltonMusical'}]",,,,
1.27919E+18,1.27919E+18,1.59382E+12,7/3/2020,18:55:34,-400,2863488598,hamiltonmusical,Hamilton,,"Thank you, five! Grab a seat and turn on @DisneyPlus -- we hit play at 7PM ET! #Hamilfilm pic.twitter.com/Tv5pfO67Jp",en,['disneyplus'],[],[],50,163,1851,['#hamilfilm'],[],https://twitter.com/HamiltonMusical/status/1279187055415828480,FALSE,,1,,,,,,,"[{'user_id': '2863488598', 'username': 'HamiltonMusical'}, {'user_id': '985916593065476096', 'username': 'disneyplus'}]",,,,
1.27919E+18,1.27919E+18,1.59382E+12,7/3/2020,18:53:50,-400,2863488598,hamiltonmusical,Hamilton,,Demand justice for #BreonnaTaylor now. #BlackLivesMatter https://twitter.com/BerniceKing/status/1279095188745486337¬†‚Ä¶,en,[],['https://twitter.com/BerniceKing/status/1279095188745486337'],[],38,2379,8443,"['#breonnataylor', '#blacklivesmatter']",[],https://twitter.com/HamiltonMusical/status/1279186616611897349,FALSE,https://twitter.com/BerniceKing/status/1279095188745486337,0,,,,,,,"[{'user_id': '2863488598', 'username': 'HamiltonMusical'}]",,,,
1.27918E+18,1.27918E+18,1.59382E+12,7/3/2020,18:45:19,-400,2863488598,hamiltonmusical,Hamilton,,Production Stage Manager @Jason_Bassett is back with the 15 minute call! Where are you watching #Hamilfilm from tonight? pic.twitter.com/CuR4vOH1M2,en,['jason_bassett'],[],[],183,120,1557,['#hamilfilm'],[],https://twitter.com/HamiltonMusical/status/1279184476065746946,FALSE,,1,,,,,,,"[{'user_id': '2863488598', 'username': 'HamiltonMusical'}, {'user_id': '394029017', 'username': 'jason_bassett'}]",,,,
1.27918E+18,1.27918E+18,1.59382E+12,7/3/2020,18:39:28,-400,2863488598,hamiltonmusical,Hamilton,, https://twitter.com/CarKnobz/status/1279181279674667016?s=20¬†‚Ä¶,und,[],['https://twitter.com/CarKnobz/status/1279181279674667016?s=20'],[],1,9,199,[],[],https://twitter.com/HamiltonMusical/status/1279183001763676161,FALSE,https://twitter.com/CarKnobz/status/1279181279674667016,0,,,,,,,"[{'user_id': '2863488598', 'username': 'HamiltonMusical'}]",,,,
1.27918E+18,1.27918E+18,1.59382E+12,7/3/2020,18:39:02,-400,2863488598,hamiltonmusical,Hamilton,, https://twitter.com/katycrushedit/status/1279181205393625089?s=20¬†‚Ä¶,und,[],['https://twitter.com/katycrushedit/status/1279181205393625089?s=20'],[],2,12,389,[],[],https://twitter.com/HamiltonMusical/status/1279182892162301952,FALSE,https://twitter.com/katycrushedit/status/1279181205393625089,0,,,,,,,"[{'user_id': '2863488598', 'username': 'HamiltonMusical'}]",,,,
1.27918E+18,1.27918E+18,1.59382E+12,7/3/2020,18:38:33,-400,2863488598,hamiltonmusical,Hamilton,, https://twitter.com/kiwilime229/status/1279140011745710081?s=20¬†‚Ä¶,und,[],['https://twitter.com/kiwilime229/status/1279140011745710081?s=20'],[],4,12,372,[],[],https://twitter.com/HamiltonMusical/status/1279182770707759104,FALSE,https://twitter.com/kiwilime229/status/1279140011745710081,0,,,,,,,"[{'user_id': '2863488598', 'username': 'HamiltonMusical'}]",,,,
1.27918E+18,1.27918E+18,1.59382E+12,7/3/2020,18:37:57,-400,2863488598,hamiltonmusical,Hamilton,, https://twitter.com/MistyRamirez03/status/1279170714726207491?s=20¬†‚Ä¶,und,[],['https://twitter.com/MistyRamirez03/status/1279170714726207491?s=20'],[],3,14,441,[],[],https://twitter.com/HamiltonMusical/status/1279182619184377857,FALSE,https://twitter.com/MistyRamirez03/status/1279170714726207491,0,,,,,,,"[{'user_id': '2863488598', 'username': 'HamiltonMusical'}]",,,,
1.27918E+18,1.27918E+18,1.59382E+12,7/3/2020,18:37:42,-400,2863488598,hamiltonmusical,Hamilton,,"You all put the ""hungry"" in ""Young, scrappy, and hungry!"" Here's a thread of some of our favorite #Hamilfilm snacks to get you inspired for your future viewing parties! üëáüèæ",en,[],[],[],87,229,5591,['#hamilfilm'],[],https://twitter.com/HamiltonMusical/status/1279182558144667649,FALSE,,0,,,,,,,"[{'user_id': '2863488598', 'username': 'HamiltonMusical'}]",,,,
1.27918E+18,1.27918E+18,1.59382E+12,7/3/2020,18:35:09,-400,2863488598,hamiltonmusical,Hamilton,,@Ashanti we heard you were watching #Hamilfilm with us tonight!,en,['ashanti'],[],[],3,5,180,['#hamilfilm'],[],https://twitter.com/HamiltonMusical/status/1279181917024407557,FALSE,,0,,,,,,,"[{'user_id': '2863488598', 'username': 'HamiltonMusical'}, {'user_id': '67982898', 'username': 'ashanti'}]",,,,
1.27918E+18,1.27918E+18,1.59382E+12,7/3/2020,18:30:46,-400,2863488598,hamiltonmusical,Hamilton,,"Our @HamiltonMusical Broadway Production Stage Manager, @Jason_Bassett, is doing the pre-show calls for us tonight! 30 minutes to places! #Hamilfilm pic.twitter.com/Qm23QzOOHg",en,"['hamiltonmusical', 'jason_bassett']",[],[],58,259,4586,['#hamilfilm'],[],https://twitter.com/HamiltonMusical/status/1279180811737194502,FALSE,,1,,,,,,,"[{'user_id': '2863488598', 'username': 'HamiltonMusical'}, {'user_id': '394029017', 'username': 'jason_bassett'}]",,,,
1.27918E+18,1.27918E+18,1.59381E+12,7/3/2020,18:13:35,-400,2863488598,hamiltonmusical,Hamilton,,If we lay a strong enough foundation... #BroadwayWillBeBack #Hamilfilm https://twitter.com/rachel_ventures/status/1279174104961056773¬†‚Ä¶,en,[],['https://twitter.com/rachel_ventures/status/1279174104961056773'],[],16,212,2630,"['#broadwaywillbeback', '#hamilfilm']",[],https://twitter.com/HamiltonMusical/status/1279176488735199232,FALSE,https://twitter.com/rachel_ventures/status/1279174104961056773,0,,,,,,,"[{'user_id': '2863488598', 'username': 'HamiltonMusical'}]",,,,
1.27917E+18,1.27917E+18,1.59381E+12,7/3/2020,17:36:13,-400,2863488598,hamiltonmusical,Hamilton,,"We all know that #BroadwayWillBeBack, but until then, people who work in theaters across the nation need the support of our government. Visit¬† http://bitly.com/FPUC-ContactYourSenator¬†‚Ä¶¬†to find out how to contact your senator. #TheGreatBrightWay (Credit: Created by a Fan) pic.twitter.com/AWaBMAdt45",en,[],['http://bitly.com/FPUC-ContactYourSenator'],['https://pbs.twimg.com/media/EcCDroRWoAAuOTh.jpg'],88,8694,31662,"['#broadwaywillbeback', '#thegreatbrightway']",[],https://twitter.com/HamiltonMusical/status/1279167086972059649,FALSE,,0,,,,,,,"[{'user_id': '2863488598', 'username': 'HamiltonMusical'}]",,,,
1.27915E+18,1.27915E+18,1.59381E+12,7/3/2020,16:31:38,-400,2863488598,hamiltonmusical,Hamilton,,#Hamilkids https://twitter.com/AnnGarvinB/status/1279148262008729602¬†‚Ä¶,und,[],['https://twitter.com/AnnGarvinB/status/1279148262008729602'],[],20,81,2751,['#hamilkids'],[],https://twitter.com/HamiltonMusical/status/1279150832831934465,FALSE,https://twitter.com/AnnGarvinB/status/1279148262008729602,0,,,,,,,"[{'user_id': '2863488598', 'username': 'HamiltonMusical'}]",,,,
1.27914E+18,1.27914E+18,1.59381E+12,7/3/2020,16:00:19,-400,2863488598,hamiltonmusical,Hamilton,,3 hours till showtime! You know what that means... it's time to walk the red carpet in your #Hamilfilm attire with these @Zoom_us backgrounds! pic.twitter.com/udbwJXQJ31,en,['zoom_us'],[],"['https://pbs.twimg.com/media/EcBtEp0XYAwmrJn.jpg', 'https://pbs.twimg.com/media/EcBtEp0X0AEGi1F.jpg']",83,455,7271,['#hamilfilm'],[],https://twitter.com/HamiltonMusical/status/1279142949469683712,FALSE,,0,,,,,,,"[{'user_id': '2863488598', 'username': 'HamiltonMusical'}, {'user_id': '522701657', 'username': 'zoom_us'}]",,,,
1.27913E+18,1.27913E+18,1.5938E+12,7/3/2020,15:00:49,-400,2863488598,hamiltonmusical,Hamilton,,"Supporting #BlackLivesMatter can come in many different forms. Here are non-monetary ways to support Black woman-owned businesses, even on the days you can not #buyfromablackwoman: https://twitter.com/BFABWInfo/status/1277334886806847489¬†‚Ä¶",en,[],['https://twitter.com/BFABWInfo/status/1277334886806847489'],[],17,386,2261,"['#blacklivesmatter', '#buyfromablackwoman']",[],https://twitter.com/HamiltonMusical/status/1279127975670276096,FALSE,https://twitter.com/BFABWInfo/status/1277334886806847489,0,,,,,,,"[{'user_id': '2863488598', 'username': 'HamiltonMusical'}]",,,,
1.27911E+18,1.27911E+18,1.5938E+12,7/3/2020,14:04:15,-400,2863488598,hamiltonmusical,Hamilton,, https://twitter.com/shondarhimes/status/1279082727006855168¬†‚Ä¶ pic.twitter.com/0EuinHrc9w,und,[],['https://twitter.com/shondarhimes/status/1279082727006855168'],[],14,199,4368,[],[],https://twitter.com/HamiltonMusical/status/1279113741204893697,FALSE,,1,,,,,,,"[{'user_id': '2863488598', 'username': 'HamiltonMusical'}]",,,,
1.2791E+18,1.2791E+18,1.5938E+12,7/3/2020,13:27:02,-400,2863488598,hamiltonmusical,Hamilton,,Jonathan Groff is King George III. #Hamilfilm (üì∏: @JoshLehrerPhoto from ‚ÄúHamilton: Portraits of the Revolution‚Äù) pic.twitter.com/P2PtE4sScQ,en,['joshlehrerphoto'],[],[],58,417,5572,['#hamilfilm'],[],https://twitter.com/HamiltonMusical/status/1279104376607592448,FALSE,,1,,,,,,,"[{'user_id': '2863488598', 'username': 'HamiltonMusical'}, {'user_id': '31588515', 'username': 'JoshLehrerPhoto'}]",,,,
1.2791E+18,1.2791E+18,1.5938E+12,7/3/2020,13:27:02,-400,2863488598,hamiltonmusical,Hamilton,,.@OakSmash is James Madison. #Hamilfilm (üì∏: @JoshLehrerPhoto from ‚ÄúHamilton: Portraits of the Revolution‚Äù) pic.twitter.com/YCfZTC0LXa,en,"['oaksmash', 'joshlehrerphoto']",[],[],18,205,4139,['#hamilfilm'],[],https://twitter.com/HamiltonMusical/status/1279104374556577793,FALSE,,1,,,,,,,"[{'user_id': '2863488598', 'username': 'HamiltonMusical'}, {'user_id': '2821147448', 'username': 'OakSmash'}, {'user_id': '31588515', 'username': 'JoshLehrerPhoto'}]",,,,
1.2791E+18,1.2791E+18,1.5938E+12,7/3/2020,13:27:01,-400,2863488598,hamiltonmusical,Hamilton,,.@DaveedDiggs is Thomas Jefferson. #Hamilfilm (üì∏: @JoshLehrerPhoto from ‚ÄúHamilton: Portraits of the Revolution‚Äù) pic.twitter.com/U10GspTEAz,en,"['daveeddiggs', 'joshlehrerphoto']",[],[],10,173,2180,['#hamilfilm'],[],https://twitter.com/HamiltonMusical/status/1279104373096882177,FALSE,,1,,,,,,,"[{'user_id': '2863488598', 'username': 'HamiltonMusical'}, {'user_id': '62606201', 'username': 'DaveedDiggs'}, {'user_id': '31588515', 'username': 'JoshLehrerPhoto'}]",,,,
1.2791E+18,1.2791E+18,1.5938E+12,7/3/2020,13:27:01,-400,2863488598,hamiltonmusical,Hamilton,,.@ChrisisSingin is George Washington. #Hamilfilm (üì∏: @JoshLehrerPhoto from ‚ÄúHamilton: Portraits of the Revolution‚Äù) pic.twitter.com/MhiEr4Aq1V,en,"['chrisissingin', 'joshlehrerphoto']",[],[],16,171,2746,['#hamilfilm'],[],https://twitter.com/HamiltonMusical/status/1279104370584555521,FALSE,,1,,,,,,,"[{'user_id': '2863488598', 'username': 'HamiltonMusical'}, {'user_id': '103686030', 'username': 'ChrisisSingin'}, {'user_id': '31588515', 'username': 'JoshLehrerPhoto'}]",,,,
1.2791E+18,1.2791E+18,1.5938E+12,7/3/2020,13:27:00,-400,2863488598,hamiltonmusical,Hamilton,,.@JasCephasJones is Maria Reynolds. #Hamilfilm (üì∏: @JoshLehrerPhoto from ‚ÄúHamilton: Portraits of the Revolution‚Äù) pic.twitter.com/XEQR7sHonw,en,"['jascephasjones', 'joshlehrerphoto']",[],[],7,104,1757,['#hamilfilm'],[],https://twitter.com/HamiltonMusical/status/1279104368420290563,FALSE,,1,,,,,,,"[{'user_id': '2863488598', 'username': 'HamiltonMusical'}, {'user_id': '3321671932', 'username': 'JasCephasJones'}, {'user_id': '31588515', 'username': 'JoshLehrerPhoto'}]",,,,
1.2791E+18,1.2791E+18,1.5938E+12,7/3/2020,13:27:00,-400,2863488598,hamiltonmusical,Hamilton,,.@LeslieOdomJr is Aaron Burr. #Hamilfilm (üì∏: @JoshLehrerPhoto from ‚ÄúHamilton: Portraits of the Revolution‚Äù) pic.twitter.com/Uzv3zfsvLA,en,"['leslieodomjr', 'joshlehrerphoto']",[],[],11,141,2171,['#hamilfilm'],[],https://twitter.com/HamiltonMusical/status/1279104366717415429,FALSE,,1,,,,,,,"[{'user_id': '2863488598', 'username': 'HamiltonMusical'}, {'user_id': '476907667', 'username': 'leslieodomjr'}, {'user_id': '31588515', 'username': 'JoshLehrerPhoto'}]",,,,
1.2791E+18,1.2791E+18,1.5938E+12,7/3/2020,13:26:59,-400,2863488598,hamiltonmusical,Hamilton,,.@ReneeGoldsberry is Angelica Schuyler. #Hamilfilm (üì∏: @JoshLehrerPhoto from ‚ÄúHamilton: Portraits of the Revolution‚Äù) pic.twitter.com/SM98Ge5SYS,en,"['reneegoldsberry', 'joshlehrerphoto']",[],[],8,143,2197,['#hamilfilm'],[],https://twitter.com/HamiltonMusical/status/1279104364565725186,FALSE,,1,,,,,,,"[{'user_id': '2863488598', 'username': 'HamiltonMusical'}, {'user_id': '163724029', 'username': 'ReneeGoldsberry'}, {'user_id': '31588515', 'username': 'JoshLehrerPhoto'}]",,,,
1.2791E+18,1.2791E+18,1.5938E+12,7/3/2020,13:26:59,-400,2863488598,hamiltonmusical,Hamilton,,.@ARamosofficial is Philip Hamilton. #Hamilfilm (üì∏: @JoshLehrerPhoto from ‚ÄúHamilton: Portraits of the Revolution‚Äù) pic.twitter.com/Z3V5hEggmg,en,"['aramosofficial', 'joshlehrerphoto']",[],[],6,118,1856,['#hamilfilm'],[],https://twitter.com/HamiltonMusical/status/1279104362317598722,FALSE,,1,,,,,,,"[{'user_id': '2863488598', 'username': 'HamiltonMusical'}, {'user_id': '3376066540', 'username': 'ARamosofficial'}, {'user_id': '31588515', 'username': 'JoshLehrerPhoto'}]",,,,
1.2791E+18,1.2791E+18,1.5938E+12,7/3/2020,13:26:58,-400,2863488598,hamiltonmusical,Hamilton,,.@PhillipaSoo is Eliza Hamilton. #Hamilfilm (üì∏: @JoshLehrerPhoto from ‚ÄúHamilton: Portraits of the Revolution‚Äù) pic.twitter.com/l7sH9gYnN2,en,"['phillipasoo', 'joshlehrerphoto']",[],[],8,176,2270,['#hamilfilm'],[],https://twitter.com/HamiltonMusical/status/1279104360891514882,FALSE,,1,,,,,,,"[{'user_id': '2863488598', 'username': 'HamiltonMusical'}, {'user_id': '93121635', 'username': 'Phillipasoo'}, {'user_id': '31588515', 'username': 'JoshLehrerPhoto'}]",,,,
1.2791E+18,1.2791E+18,1.5938E+12,7/3/2020,13:26:58,-400,2863488598,hamiltonmusical,Hamilton,,.@Lin_Manuel is Alexander Hamilton. #Hamilfilm (üì∏: @JoshLehrerPhoto from ‚ÄúHamilton: Portraits of the Revolution‚Äù) pic.twitter.com/aGBxZmKs44,en,"['lin_manuel', 'joshlehrerphoto']",[],[],9,190,2545,['#hamilfilm'],[],https://twitter.com/HamiltonMusical/status/1279104359159279616,FALSE,,1,,,,,,,"[{'user_id': '2863488598', 'username': 'HamiltonMusical'}, {'user_id': '79923701', 'username': 'Lin_Manuel'}, {'user_id': '31588515', 'username': 'JoshLehrerPhoto'}]",,,,
1.2791E+18,1.2791E+18,1.5938E+12,7/3/2020,13:26:58,-400,2863488598,hamiltonmusical,Hamilton,,"Ladies and gentlemen, the principal cast of #Hamilfilm! Now on @DisneyPlus. üëáüèæ (üì∏: @JoshLehrerPhoto from ‚ÄúHamilton: Portraits of the Revolution‚Äù)",en,"['disneyplus', 'joshlehrerphoto']",[],[],66,949,10034,['#hamilfilm'],[],https://twitter.com/HamiltonMusical/status/1279104358085427200,FALSE,,0,,,,,,,"[{'user_id': '2863488598', 'username': 'HamiltonMusical'}, {'user_id': '985916593065476096', 'username': 'disneyplus'}, {'user_id': '31588515', 'username': 'JoshLehrerPhoto'}]",,,,
1.27909E+18,1.27909E+18,1.59379E+12,7/3/2020,12:27:10,-400,2863488598,hamiltonmusical,Hamilton,,#Hamilkids https://twitter.com/sararunsthecape/status/1279085853709602816¬†‚Ä¶,und,[],['https://twitter.com/sararunsthecape/status/1279085853709602816'],[],11,75,2397,['#hamilkids'],[],https://twitter.com/HamiltonMusical/status/1279089308910092290,FALSE,https://twitter.com/sararunsthecape/status/1279085853709602816,0,,,,,,,"[{'user_id': '2863488598', 'username': 'HamiltonMusical'}]",,,,
1.27908E+18,1.27908E+18,1.59379E+12,7/3/2020,12:00:19,-400,2863488598,hamiltonmusical,Hamilton,,Holiday weekend ‚úÖ https://twitter.com/revolless/status/1279076749184286720¬†‚Ä¶,en,[],['https://twitter.com/revolless/status/1279076749184286720'],[],39,492,6797,[],[],https://twitter.com/HamiltonMusical/status/1279082554428141568,FALSE,https://twitter.com/revolless/status/1279076749184286720,0,,,,,,,"[{'user_id': '2863488598', 'username': 'HamiltonMusical'}]",,,,
1.27908E+18,1.27908E+18,1.59379E+12,7/3/2020,11:46:12,-400,2863488598,hamiltonmusical,Hamilton,,"Let's go! Our own @Achapphawk, swing in the original Broadway cast of #Hamilton, is taking over our Snapchat story today! #Hamilfilm pic.twitter.com/lc15NHmK5W",en,['achapphawk'],[],['https://pbs.twimg.com/media/EcAza-2XQAATKbG.jpg'],14,36,1210,"['#hamilton', '#hamilfilm']",[],https://twitter.com/HamiltonMusical/status/1279078998903906304,FALSE,,0,,,,,,,"[{'user_id': '2863488598', 'username': 'HamiltonMusical'}, {'user_id': '30979405', 'username': 'Achapphawk'}]",,,,
1.27906E+18,1.27904E+18,1.59379E+12,7/3/2020,10:24:57,-400,2863488598,hamiltonmusical,Hamilton,,good. times. pic.twitter.com/1lrCxxa12O,en,"['lacketylac', 'jimmyfallon', 'lin_manuel', 'phillipasoo', 'sarabareilles']",[],[],36,165,3162,[],[],https://twitter.com/HamiltonMusical/status/1279058552548663296,FALSE,,1,,,,,,,"[{'user_id': '2863488598', 'username': 'HamiltonMusical'}, {'user_id': '2753494578', 'username': 'LacketyLac'}, {'user_id': '15485441', 'username': 'jimmyfallon'}, {'user_id': '79923701', 'username': 'Lin_Manuel'}, {'user_id': '93121635', 'username': 'Phillipasoo'}, {'user_id': '6211972', 'username': 'SaraBareilles'}]",,,,
1.27904E+18,1.27904E+18,1.59378E+12,7/3/2020,9:03:20,-400,2863488598,hamiltonmusical,Hamilton,,"Hear ye, hear ye! The original Broadway cast's Samuel Seabury is taking over our Instagram Story today. Follow along to see how @ThayneJasperson is celebrating the release of #Hamilfilm! pic.twitter.com/HQYv3QytTC",en,['thaynejasperson'],[],['https://pbs.twimg.com/media/EcAOQC_WAAEAt24.jpg'],27,111,3087,['#hamilfilm'],[],https://twitter.com/HamiltonMusical/status/1279038011796271106,FALSE,,0,,,,,,,"[{'user_id': '2863488598', 'username': 'HamiltonMusical'}, {'user_id': '82562828', 'username': 'thaynejasperson'}]",,,,
1.27904E+18,1.27904E+18,1.59378E+12,7/3/2020,9:00:43,-400,2863488598,hamiltonmusical,Hamilton,,Wait for it... https://twitter.com/SaraKellar/status/1279022531752624128¬†‚Ä¶,en,[],['https://twitter.com/SaraKellar/status/1279022531752624128'],[],66,256,6321,[],[],https://twitter.com/HamiltonMusical/status/1279037355601641473,FALSE,https://twitter.com/SaraKellar/status/1279022531752624128,0,,,,,,,"[{'user_id': '2863488598', 'username': 'HamiltonMusical'}]",,,,
1.27901E+18,1.27901E+18,1.59377E+12,7/3/2020,6:53:54,-400,2863488598,hamiltonmusical,Hamilton,,Who is just finishing their first viewing of the day? üíÅüèΩ‚Äç‚ôÄÔ∏è #Hamilfilm,en,[],[],[],2021,1959,36534,['#hamilfilm'],[],https://twitter.com/HamiltonMusical/status/1279005440056197120,FALSE,,0,,,,,,,"[{'user_id': '2863488598', 'username': 'HamiltonMusical'}]",,,,
1.279E+18,1.279E+18,1.59377E+12,7/3/2020,6:50:33,-400,2863488598,hamiltonmusical,Hamilton,,Can I show you what I‚Äôm proudest of... #Hamilfilm https://twitter.com/ThatEricAlper/status/1279000856973672448¬†‚Ä¶,en,[],['https://twitter.com/ThatEricAlper/status/1279000856973672448'],[],165,2204,22422,['#hamilfilm'],[],https://twitter.com/HamiltonMusical/status/1279004597647015937,FALSE,https://twitter.com/ThatEricAlper/status/1279000856973672448,0,,,,,,,"[{'user_id': '2863488598', 'username': 'HamiltonMusical'}]",,,,
1.27895E+18,1.27895E+18,1.59376E+12,7/3/2020,3:01:57,-400,2863488598,hamiltonmusical,Hamilton,,It's officially midnight on the west coast... #TheLivingRoomWhereItHappens #Hamilfilm pic.twitter.com/irbaiFEVx8,en,[],[],[],693,5080,34952,"['#thelivingroomwhereithappens', '#hamilfilm']",[],https://twitter.com/HamiltonMusical/status/1278947068497682432,FALSE,,1,,,,,,,"[{'user_id': '2863488598', 'username': 'HamiltonMusical'}]",,,,
1.27887E+18,1.27884E+18,1.59374E+12,7/2/2020,21:47:23,-400,2863488598,hamiltonmusical,Hamilton,,Wouldn‚Äôt be the same without you!,en,['iainlovetheatre'],[],[],0,0,59,[],[],https://twitter.com/HamiltonMusical/status/1278867906756042752,FALSE,,0,,,,,,,"[{'user_id': '2863488598', 'username': 'HamiltonMusical'}, {'user_id': '16472657', 'username': 'IainLoveTheatre'}]",,,,
1.27886E+18,1.27886E+18,1.59374E+12,7/2/2020,21:34:02,-400,2863488598,hamiltonmusical,Hamilton,,When you see this ensemble... ü§Ø #Hamileve #Hamilfilm https://twitter.com/ArianaDeBose/status/1278669824785293313¬†‚Ä¶,en,[],['https://twitter.com/ArianaDeBose/status/1278669824785293313'],[],19,88,2623,"['#hamileve', '#hamilfilm']",[],https://twitter.com/HamiltonMusical/status/1278864546820755457,FALSE,https://twitter.com/ArianaDeBose/status/1278669824785293313,0,,,,,,,"[{'user_id': '2863488598', 'username': 'HamiltonMusical'}]",,,,
1.27886E+18,1.27886E+18,1.59374E+12,7/2/2020,21:04:00,-400,2863488598,hamiltonmusical,Hamilton,,Which lyric are you most excited to belt out while watching #Hamilfilm on @DisneyPlus? üëáüèæ,en,['disneyplus'],[],[],3773,604,16031,['#hamilfilm'],[],https://twitter.com/HamiltonMusical/status/1278856986554019840,FALSE,,0,,,,,,,"[{'user_id': '2863488598', 'username': 'HamiltonMusical'}, {'user_id': '985916593065476096', 'username': 'disneyplus'}]",,,,
1.27884E+18,1.27884E+18,1.59373E+12,7/2/2020,20:03:00,-400,2863488598,hamiltonmusical,Hamilton,,Got your ticket to our #Hamilfilm viewing party? Now you do! Print it out below and make sure to visit the QR code to join in the action tomorrow night on Twitter! pic.twitter.com/SLA6RngPyc,en,[],[],['https://pbs.twimg.com/media/Eb9Q3VqXsAMh0g9.jpg'],123,1266,8350,['#hamilfilm'],[],https://twitter.com/HamiltonMusical/status/1278841635510669314,FALSE,,0,,,,,,,"[{'user_id': '2863488598', 'username': 'HamiltonMusical'}]",,,,
1.27882E+18,1.27882E+18,1.59373E+12,7/2/2020,18:38:37,-400,2863488598,hamiltonmusical,Hamilton,,#Hamilfilm pic.twitter.com/8HdMWMBQo5,und,[],[],[],14,75,1511,['#hamilfilm'],[],https://twitter.com/HamiltonMusical/status/1278820399074197510,FALSE,,1,,,,,,,"[{'user_id': '2863488598', 'username': 'HamiltonMusical'}]",,,,
1.27882E+18,1.27882E+18,1.59373E+12,7/2/2020,18:38:35,-400,2863488598,hamiltonmusical,Hamilton,,#Hamilfilm pic.twitter.com/bplAN1Bp0i,und,[],[],[],26,261,2549,['#hamilfilm'],[],https://twitter.com/HamiltonMusical/status/1278820393906774019,FALSE,,1,,,,,,,"[{'user_id': '2863488598', 'username': 'HamiltonMusical'}]",,,,
1.27882E+18,1.27882E+18,1.59373E+12,7/2/2020,18:38:18,-400,2863488598,hamiltonmusical,Hamilton,,#Hamilfilm pic.twitter.com/ovKdrgHtrP,und,[],[],[],11,116,1372,['#hamilfilm'],[],https://twitter.com/HamiltonMusical/status/1278820319382380544,FALSE,,1,,,,,,,"[{'user_id': '2863488598', 'username': 'HamiltonMusical'}]",,,,
1.27882E+18,1.27882E+18,1.59373E+12,7/2/2020,18:37:47,-400,2863488598,hamiltonmusical,Hamilton,,#Hamilfilm pic.twitter.com/SOJIl9keSF,und,[],[],[],4,49,933,['#hamilfilm'],[],https://twitter.com/HamiltonMusical/status/1278820189468004360,FALSE,,1,,,,,,,"[{'user_id': '2863488598', 'username': 'HamiltonMusical'}]",,,,
1.27882E+18,1.27882E+18,1.59373E+12,7/2/2020,18:37:17,-400,2863488598,hamiltonmusical,Hamilton,,#Hamilfilm pic.twitter.com/heYsqyKHdE,und,[],[],[],2,41,922,['#hamilfilm'],[],https://twitter.com/HamiltonMusical/status/1278820066491056129,FALSE,,1,,,,,,,"[{'user_id': '2863488598', 'username': 'HamiltonMusical'}]",,,,
1.27882E+18,1.27882E+18,1.59373E+12,7/2/2020,18:37:17,-400,2863488598,hamiltonmusical,Hamilton,,#Hamilfilm pic.twitter.com/DC0UpIc3cg,und,[],[],[],1,53,1108,['#hamilfilm'],[],https://twitter.com/HamiltonMusical/status/1278820063840210944,FALSE,,1,,,,,,,"[{'user_id': '2863488598', 'username': 'HamiltonMusical'}]",,,,
1.27882E+18,1.27882E+18,1.59373E+12,7/2/2020,18:37:16,-400,2863488598,hamiltonmusical,Hamilton,,"A thread of #Hamilfilm gifs? You got it. üëáüèæ Search ""Hamilfilm"" to use them in your own tweets!",en,[],[],[],299,842,9818,['#hamilfilm'],[],https://twitter.com/HamiltonMusical/status/1278820061797666823,FALSE,,0,,,,,,,"[{'user_id': '2863488598', 'username': 'HamiltonMusical'}]",,,,
1.2788E+18,1.2788E+18,1.59373E+12,7/2/2020,17:26:34,-400,2863488598,hamiltonmusical,Hamilton,,We must put an end to the senseless acts of violence against the Black community. Find ways to support and donate to @ColorofChange at  http://untiljusticeisreal.com¬†. Change is coming. #BlackLivesMatter https://twitter.com/ColorOfChange/status/1274496000758079488¬†‚Ä¶,en,['colorofchange'],"['http://untiljusticeisreal.com', 'https://twitter.com/ColorOfChange/status/1274496000758079488']",[],18,549,4184,['#blacklivesmatter'],[],https://twitter.com/HamiltonMusical/status/1278802268796661760,FALSE,https://twitter.com/ColorOfChange/status/1274496000758079488,0,,,,,,,"[{'user_id': '2863488598', 'username': 'HamiltonMusical'}, {'user_id': '27793335', 'username': 'ColorOfChange'}]",,,,
1.27879E+18,1.27879E+18,1.59372E+12,7/2/2020,16:39:52,-400,2863488598,hamiltonmusical,Hamilton,,"You arranged the menu, the venue, the seating! Here are some fan-inspired dishes for #TheLivingRoomWhereItHappens tomorrow! #Hamilfilm pic.twitter.com/ZR8as19ekz",en,[],[],['https://pbs.twimg.com/media/Eb8tDyvU8AEfMoC.jpg'],197,1505,12249,"['#thelivingroomwhereithappens', '#hamilfilm']",[],https://twitter.com/HamiltonMusical/status/1278790517015404561,FALSE,,0,,,,,,,"[{'user_id': '2863488598', 'username': 'HamiltonMusical'}]",,,,
1.27877E+18,1.27877E+18,1.59372E+12,7/2/2020,15:00:00,-400,2863488598,hamiltonmusical,Hamilton,,What a ride! Throwing it back to the original cast of @HamiltonMusical at the #TonyAwards in honor of the #Hamilfilm release on July 3! ü§© #Ham4Tonys pic.twitter.com/L1AyT98gQ9,en,['hamiltonmusical'],[],[],19,296,3167,"['#tonyawards', '#hamilfilm', '#ham4tonys']",[],https://twitter.com/HamiltonMusical/status/1278765384217137152,FALSE,,1,,,,,,,"[{'user_id': '2863488598', 'username': 'HamiltonMusical'}]",,,,
1.27873E+18,1.27873E+18,1.59371E+12,7/2/2020,12:47:57,-400,2863488598,hamiltonmusical,Hamilton,,Y'all know Hamlet is coming to @DisneyPlus tomorrow? üòÇ #Hamilfilm #YayHamlet #TBT https://twitter.com/Lin_Manuel/status/568243453206913024¬†‚Ä¶,en,['disneyplus'],['https://twitter.com/Lin_Manuel/status/568243453206913024'],[],132,1572,17768,"['#hamilfilm', '#yayhamlet', '#tbt']",[],https://twitter.com/HamiltonMusical/status/1278732151157112834,FALSE,https://twitter.com/Lin_Manuel/status/568243453206913024,0,,,,,,,"[{'user_id': '2863488598', 'username': 'HamiltonMusical'}, {'user_id': '985916593065476096', 'username': 'disneyplus'}]",,,,
1.27865E+18,1.27865E+18,1.59369E+12,7/2/2020,7:35:00,-400,2863488598,hamiltonmusical,Hamilton,,#TheLivingRoomWhereItHappens https://twitter.com/NikiLeeTompkins/status/1277755998845857792¬†‚Ä¶,und,[],['https://twitter.com/NikiLeeTompkins/status/1277755998845857792'],[],17,330,4878,['#thelivingroomwhereithappens'],[],https://twitter.com/HamiltonMusical/status/1278653395629375488,FALSE,https://twitter.com/NikiLeeTompkins/status/1277755998845857792,0,,,,,,,"[{'user_id': '2863488598', 'username': 'HamiltonMusical'}]",,,,
1.2785E+18,1.2785E+18,1.59365E+12,7/1/2020,21:10:22,-400,2863488598,hamiltonmusical,Hamilton,,"What time is it? Showtime! Join the original Broadway cast of #Hamilton as we host a Twitter watch party this Friday, July 3rd at 7 PM ET / 4 PM PT. Who's in? üëáüèæ Tweet along using #Hamilfilm. pic.twitter.com/9R5BYO8lTV",en,[],[],['https://pbs.twimg.com/media/Eb4hK4GWsAIRDQQ.jpg'],646,4359,29986,"['#hamilton', '#hamilfilm']",[],https://twitter.com/HamiltonMusical/status/1278496202376560640,FALSE,,0,,,,,,,"[{'user_id': '2863488598', 'username': 'HamiltonMusical'}]",,,,
1.27836E+18,1.27836E+18,1.59362E+12,7/1/2020,12:00:33,-400,2863488598,hamiltonmusical,Hamilton,,"The Schuyler Sisters! So much love for these three üòç The original Broadway cast's Angelica, Eliza, and Peggy are coming to @DisneyPlus in two days! #Hamilfilm pic.twitter.com/1DTRNsunM0",en,['disneyplus'],[],[],73,1552,14790,['#hamilfilm'],[],https://twitter.com/HamiltonMusical/status/1278357835781419009,FALSE,,1,,,,,,,"[{'user_id': '2863488598', 'username': 'HamiltonMusical'}, {'user_id': '985916593065476096', 'username': 'disneyplus'}]",,,,
1.27833E+18,1.27833E+18,1.59361E+12,7/1/2020,10:24:41,-400,2863488598,hamiltonmusical,Hamilton,,Bring your questions and head over to our Instagram Story to catch up with original Broadway cast member @CMBettiol! She's taking us on a trip down memory lane before #Hamilfilm comes to @DisneyPlus this Friday. pic.twitter.com/Ui06u0n5Wj,en,"['cmbettiol', 'disneyplus']",[],['https://pbs.twimg.com/media/Eb2MePNXsAI4l8O.jpg'],7,60,1751,['#hamilfilm'],[],https://twitter.com/HamiltonMusical/status/1278333710551711744,FALSE,,0,,,,,,,"[{'user_id': '2863488598', 'username': 'HamiltonMusical'}, {'user_id': '302194142', 'username': 'cmbettiol'}, {'user_id': '985916593065476096', 'username': 'disneyplus'}]",,,,
1.27805E+18,1.27805E+18,1.59355E+12,6/30/2020,15:48:48,-400,2863488598,hamiltonmusical,Hamilton,,From the greatest city in the world to your living room on @DisneyPlus - how üî• is this cast? What scene are you most excited to see them in this Friday? üëáüèæ #Hamilfilm (üì∏: Martin Schoeller / @Cosmopolitan) pic.twitter.com/2nI47Rwf7h,en,"['disneyplus', 'cosmopolitan']",[],['https://pbs.twimg.com/media/EbyNmMfWoAAlJIK.jpg'],290,1098,11745,['#hamilfilm'],[],https://twitter.com/HamiltonMusical/status/1278052890800726020,FALSE,,0,,,,,,,"[{'user_id': '2863488598', 'username': 'HamiltonMusical'}, {'user_id': '985916593065476096', 'username': 'disneyplus'}, {'user_id': '23482952', 'username': 'Cosmopolitan'}]",,,,
1.27777E+18,1.27777E+18,1.59348E+12,6/29/2020,21:03:19,-400,2863488598,hamiltonmusical,Hamilton,,I remember that night... #Hamilfilm comes to @DisneyPlus this Friday! üîëü™Å pic.twitter.com/JD0mBKDmfk,en,['disneyplus'],[],[],142,2203,14661,['#hamilfilm'],[],https://twitter.com/HamiltonMusical/status/1277769652572246022,FALSE,,1,,,,,,,"[{'user_id': '2863488598', 'username': 'HamiltonMusical'}, {'user_id': '985916593065476096', 'username': 'disneyplus'}]",,,,
1.27741E+18,1.27741E+18,1.59339E+12,6/28/2020,21:01:09,-400,2863488598,hamiltonmusical,Hamilton,,Will singing along be permitted at your #Hamilfilm viewing party?,en,[],[],[],333,461,3898,['#hamilfilm'],[],https://twitter.com/HamiltonMusical/status/1277406717345701888,FALSE,,0,,,,,,,"[{'user_id': '2863488598', 'username': 'HamiltonMusical'}]",,,,
1.27727E+18,1.27727E+18,1.59336E+12,6/28/2020,12:07:32,-400,2863488598,hamiltonmusical,Hamilton,,The revolution comes to @DisneyPlus July 3. #Hamilfilm pic.twitter.com/dUUuOhvFWJ,en,['disneyplus'],[],[],296,5419,27953,['#hamilfilm'],[],https://twitter.com/HamiltonMusical/status/1277272429891592194,FALSE,,1,,,,,,,"[{'user_id': '2863488598', 'username': 'HamiltonMusical'}, {'user_id': '985916593065476096', 'username': 'disneyplus'}]",,,,
1.27722E+18,1.27689E+18,1.59335E+12,6/28/2020,8:57:28,-400,2863488598,hamiltonmusical,Hamilton,,Here üëèüèæ for üëèüèæ this üëèüèæ,en,['mrsmadsenlcn'],[],[],0,0,62,[],[],https://twitter.com/HamiltonMusical/status/1277224595972554753,FALSE,,0,,,,,,,"[{'user_id': '2863488598', 'username': 'HamiltonMusical'}, {'user_id': '894996475419217920', 'username': 'MrsMadsenLcn'}]",,,,
